-- Super Rugby Pacific 2024
-- Season: 23 Feb 2024 – 22 Jun 2024
-- Champions: Blues (beat Chiefs 41-10 in Grand Final at Eden Park)
-- 12 teams including Melbourne Rebels (wound up after this season)

INSERT INTO competitions (id, name, created_at, updated_at)
VALUES ('a1b2c3d4-e5f6-4a7b-8c9d-0e1f2a3b4c5d', 'Super Rugby Pacific', now(), now())
ON CONFLICT (id) DO NOTHING;

INSERT INTO seasons (id, competition_id, start_date, end_date, created_at, updated_at)
VALUES (
    'srp2024aa-0000-4000-8000-000000000001',
    'a1b2c3d4-e5f6-4a7b-8c9d-0e1f2a3b4c5d',
    TIMESTAMPTZ '2024-02-23 19:05+13',
    TIMESTAMPTZ '2024-06-22 19:05+12',
    now(), now()
);

INSERT INTO teams (id, name, abbreviation, location, created_at, updated_at)
VALUES
('11111111-0000-4000-8000-000000000001', 'Blues',            'BLU', 'Auckland',       now(), now()),
('11111111-0000-4000-8000-000000000002', 'Chiefs',           'CHI', 'Hamilton',        now(), now()),
('11111111-0000-4000-8000-000000000003', 'Hurricanes',       'HUR', 'Wellington',      now(), now()),
('11111111-0000-4000-8000-000000000004', 'Crusaders',        'CRU', 'Christchurch',    now(), now()),
('11111111-0000-4000-8000-000000000005', 'Highlanders',      'HIG', 'Dunedin',         now(), now()),
('11111111-0000-4000-8000-000000000006', 'ACT Brumbies',     'BRU', 'Canberra',        now(), now()),
('11111111-0000-4000-8000-000000000007', 'Queensland Reds',  'RED', 'Brisbane',        now(), now()),
('11111111-0000-4000-8000-000000000008', 'NSW Waratahs',     'WAR', 'Sydney',          now(), now()),
('11111111-0000-4000-8000-000000000009', 'Western Force',    'FOR', 'Perth',           now(), now()),
('11111111-0000-4000-8000-000000000010', 'Fijian Drua',      'DRU', 'Fiji',            now(), now()),
('11111111-0000-4000-8000-000000000011', 'Moana Pasifika',   'MOA', 'Pacific Islands', now(), now()),
('11111111-0000-4000-8000-000000000012', 'Melbourne Rebels', 'REB', 'Melbourne',       now(), now())
ON CONFLICT (id) DO NOTHING;

INSERT INTO season_teams (id, season_id, team_id, created_at, updated_at, deleted_at)
VALUES
('srp24st01', 'srp2024aa-0000-4000-8000-000000000001', '11111111-0000-4000-8000-000000000001', now(), now(), NULL),
('srp24st02', 'srp2024aa-0000-4000-8000-000000000001', '11111111-0000-4000-8000-000000000002', now(), now(), NULL),
('srp24st03', 'srp2024aa-0000-4000-8000-000000000001', '11111111-0000-4000-8000-000000000003', now(), now(), NULL),
('srp24st04', 'srp2024aa-0000-4000-8000-000000000001', '11111111-0000-4000-8000-000000000004', now(), now(), NULL),
('srp24st05', 'srp2024aa-0000-4000-8000-000000000001', '11111111-0000-4000-8000-000000000005', now(), now(), NULL),
('srp24st06', 'srp2024aa-0000-4000-8000-000000000001', '11111111-0000-4000-8000-000000000006', now(), now(), NULL),
('srp24st07', 'srp2024aa-0000-4000-8000-000000000001', '11111111-0000-4000-8000-000000000007', now(), now(), NULL),
('srp24st08', 'srp2024aa-0000-4000-8000-000000000001', '11111111-0000-4000-8000-000000000008', now(), now(), NULL),
('srp24st09', 'srp2024aa-0000-4000-8000-000000000001', '11111111-0000-4000-8000-000000000009', now(), now(), NULL),
('srp24st10', 'srp2024aa-0000-4000-8000-000000000001', '11111111-0000-4000-8000-000000000010', now(), now(), NULL),
('srp24st11', 'srp2024aa-0000-4000-8000-000000000001', '11111111-0000-4000-8000-000000000011', now(), now(), NULL),
('srp24st12', 'srp2024aa-0000-4000-8000-000000000001', '11111111-0000-4000-8000-000000000012', now(), now(), NULL);

INSERT INTO stages (id, season_id, name, stage_type, order_index, created_at, updated_at)
VALUES
('srp24r01', 'srp2024aa-0000-4000-8000-000000000001', 'Round 1',        'regular', 1,  now(), now()),
('srp24r02', 'srp2024aa-0000-4000-8000-000000000001', 'Round 2',        'regular', 2,  now(), now()),
('srp24r03', 'srp2024aa-0000-4000-8000-000000000001', 'Round 3',        'regular', 3,  now(), now()),
('srp24r04', 'srp2024aa-0000-4000-8000-000000000001', 'Round 4',        'regular', 4,  now(), now()),
('srp24r05', 'srp2024aa-0000-4000-8000-000000000001', 'Round 5',        'regular', 5,  now(), now()),
('srp24r06', 'srp2024aa-0000-4000-8000-000000000001', 'Round 6',        'regular', 6,  now(), now()),
('srp24r07', 'srp2024aa-0000-4000-8000-000000000001', 'Round 7',        'regular', 7,  now(), now()),
('srp24r08', 'srp2024aa-0000-4000-8000-000000000001', 'Round 8',        'regular', 8,  now(), now()),
('srp24r09', 'srp2024aa-0000-4000-8000-000000000001', 'Round 9',        'regular', 9,  now(), now()),
('srp24r10', 'srp2024aa-0000-4000-8000-000000000001', 'Round 10',       'regular', 10, now(), now()),
('srp24r11', 'srp2024aa-0000-4000-8000-000000000001', 'Round 11',       'regular', 11, now(), now()),
('srp24r12', 'srp2024aa-0000-4000-8000-000000000001', 'Round 12',       'regular', 12, now(), now()),
('srp24r13', 'srp2024aa-0000-4000-8000-000000000001', 'Round 13',       'regular', 13, now(), now()),
('srp24r14', 'srp2024aa-0000-4000-8000-000000000001', 'Round 14',       'regular', 14, now(), now()),
('srp24r15', 'srp2024aa-0000-4000-8000-000000000001', 'Round 15',       'regular', 15, now(), now()),
('srp24qf0', 'srp2024aa-0000-4000-8000-000000000001', 'Quarter Finals', 'finals',  16, now(), now()),
('srp24sf0', 'srp2024aa-0000-4000-8000-000000000001', 'Semi Finals',    'finals',  17, now(), now()),
('srp24gf0', 'srp2024aa-0000-4000-8000-000000000001', 'Grand Final',    'finals',  18, now(), now());

INSERT INTO games (id, season_id, stage_id, date, home_team_id, away_team_id, home_score, away_score, status, created_at, updated_at)
VALUES
-- Round 1 (23-24 Feb 2024)
('srp24g001', 'srp2024aa-0000-4000-8000-000000000001', 'srp24r01', TIMESTAMPTZ '2024-02-23 19:05+13', '11111111-0000-4000-8000-000000000002', '11111111-0000-4000-8000-000000000004', 33, 29, 'finished', now(), now()),
('srp24g002', 'srp2024aa-0000-4000-8000-000000000001', 'srp24r01', TIMESTAMPTZ '2024-02-23 19:00+8',  '11111111-0000-4000-8000-000000000009', '11111111-0000-4000-8000-000000000003', 14, 44, 'finished', now(), now()),
('srp24g003', 'srp2024aa-0000-4000-8000-000000000001', 'srp24r01', TIMESTAMPTZ '2024-02-24 16:35+13', '11111111-0000-4000-8000-000000000005', '11111111-0000-4000-8000-000000000011', 35, 21, 'finished', now(), now()),
('srp24g004', 'srp2024aa-0000-4000-8000-000000000001', 'srp24r01', TIMESTAMPTZ '2024-02-24 16:35+13', '11111111-0000-4000-8000-000000000001', '11111111-0000-4000-8000-000000000010', 34, 10, 'finished', now(), now()),
('srp24g005', 'srp2024aa-0000-4000-8000-000000000001', 'srp24r01', TIMESTAMPTZ '2024-02-24 19:05+11', '11111111-0000-4000-8000-000000000006', '11111111-0000-4000-8000-000000000012', 30, 3,  'finished', now(), now()),
('srp24g006', 'srp2024aa-0000-4000-8000-000000000001', 'srp24r01', TIMESTAMPTZ '2024-02-24 19:35+11', '11111111-0000-4000-8000-000000000007', '11111111-0000-4000-8000-000000000008', 34, 21, 'finished', now(), now()),
-- Round 2 Super Round AAMI Park Melbourne (1-3 Mar 2024)
('srp24g007', 'srp2024aa-0000-4000-8000-000000000001', 'srp24r02', TIMESTAMPTZ '2024-03-01 18:00+11', '11111111-0000-4000-8000-000000000001', '11111111-0000-4000-8000-000000000005', 47, 13, 'finished', now(), now()),
('srp24g008', 'srp2024aa-0000-4000-8000-000000000001', 'srp24r02', TIMESTAMPTZ '2024-03-01 20:10+11', '11111111-0000-4000-8000-000000000012', '11111111-0000-4000-8000-000000000009', 48, 34, 'finished', now(), now()),
('srp24g009', 'srp2024aa-0000-4000-8000-000000000001', 'srp24r02', TIMESTAMPTZ '2024-03-02 16:00+11', '11111111-0000-4000-8000-000000000011', '11111111-0000-4000-8000-000000000010', 39, 36, 'finished', now(), now()),
('srp24g010', 'srp2024aa-0000-4000-8000-000000000001', 'srp24r02', TIMESTAMPTZ '2024-03-02 18:10+11', '11111111-0000-4000-8000-000000000008', '11111111-0000-4000-8000-000000000004', 43, 40, 'finished', now(), now()),
('srp24g011', 'srp2024aa-0000-4000-8000-000000000001', 'srp24r02', TIMESTAMPTZ '2024-03-02 20:20+11', '11111111-0000-4000-8000-000000000003', '11111111-0000-4000-8000-000000000007', 36, 23, 'finished', now(), now()),
('srp24g012', 'srp2024aa-0000-4000-8000-000000000001', 'srp24r02', TIMESTAMPTZ '2024-03-03 14:00+11', '11111111-0000-4000-8000-000000000002', '11111111-0000-4000-8000-000000000006', 46, 12, 'finished', now(), now()),
-- Round 3 (8-9 Mar 2024)
('srp24g013', 'srp2024aa-0000-4000-8000-000000000001', 'srp24r03', TIMESTAMPTZ '2024-03-08 19:05+13', '11111111-0000-4000-8000-000000000003', '11111111-0000-4000-8000-000000000001', 29, 21, 'finished', now(), now()),
('srp24g014', 'srp2024aa-0000-4000-8000-000000000001', 'srp24r03', TIMESTAMPTZ '2024-03-08 19:35+13', '11111111-0000-4000-8000-000000000004', '11111111-0000-4000-8000-000000000002', 37, 26, 'finished', now(), now()),
('srp24g015', 'srp2024aa-0000-4000-8000-000000000001', 'srp24r03', TIMESTAMPTZ '2024-03-08 19:05+11', '11111111-0000-4000-8000-000000000011', '11111111-0000-4000-8000-000000000012', 23, 29, 'finished', now(), now()),
('srp24g016', 'srp2024aa-0000-4000-8000-000000000001', 'srp24r03', TIMESTAMPTZ '2024-03-09 14:05+11', '11111111-0000-4000-8000-000000000007', '11111111-0000-4000-8000-000000000002', 25, 19, 'finished', now(), now()),
('srp24g017', 'srp2024aa-0000-4000-8000-000000000001', 'srp24r03', TIMESTAMPTZ '2024-03-09 16:35+11', '11111111-0000-4000-8000-000000000006', '11111111-0000-4000-8000-000000000005', 27, 21, 'finished', now(), now()),
('srp24g018', 'srp2024aa-0000-4000-8000-000000000001', 'srp24r03', TIMESTAMPTZ '2024-03-09 19:05+10', '11111111-0000-4000-8000-000000000009', '11111111-0000-4000-8000-000000000011', 14, 22, 'finished', now(), now()),
-- Round 4 (15-16 Mar 2024)
('srp24g019', 'srp2024aa-0000-4000-8000-000000000001', 'srp24r04', TIMESTAMPTZ '2024-03-15 19:05+13', '11111111-0000-4000-8000-000000000002', '11111111-0000-4000-8000-000000000010', 46, 29, 'finished', now(), now()),
('srp24g020', 'srp2024aa-0000-4000-8000-000000000001', 'srp24r04', TIMESTAMPTZ '2024-03-15 19:35+13', '11111111-0000-4000-8000-000000000004', '11111111-0000-4000-8000-000000000003', 10, 14, 'finished', now(), now()),
('srp24g021', 'srp2024aa-0000-4000-8000-000000000001', 'srp24r04', TIMESTAMPTZ '2024-03-16 14:05+11', '11111111-0000-4000-8000-000000000008', '11111111-0000-4000-8000-000000000005', 21, 23, 'finished', now(), now()),
('srp24g022', 'srp2024aa-0000-4000-8000-000000000001', 'srp24r04', TIMESTAMPTZ '2024-03-16 16:35+11', '11111111-0000-4000-8000-000000000001', '11111111-0000-4000-8000-000000000009', 50, 3,  'finished', now(), now()),
('srp24g023', 'srp2024aa-0000-4000-8000-000000000001', 'srp24r04', TIMESTAMPTZ '2024-03-16 19:05+11', '11111111-0000-4000-8000-000000000007', '11111111-0000-4000-8000-000000000012', 26, 22, 'finished', now(), now()),
-- Round 5 (22-23 Mar 2024)
('srp24g024', 'srp2024aa-0000-4000-8000-000000000001', 'srp24r05', TIMESTAMPTZ '2024-03-22 19:05+13', '11111111-0000-4000-8000-000000000001', '11111111-0000-4000-8000-000000000004', 26, 6,  'finished', now(), now()),
('srp24g025', 'srp2024aa-0000-4000-8000-000000000001', 'srp24r05', TIMESTAMPTZ '2024-03-22 19:35+13', '11111111-0000-4000-8000-000000000002', '11111111-0000-4000-8000-000000000005', 28, 21, 'finished', now(), now()),
('srp24g026', 'srp2024aa-0000-4000-8000-000000000001', 'srp24r05', TIMESTAMPTZ '2024-03-23 13:05+11', '11111111-0000-4000-8000-000000000006', '11111111-0000-4000-8000-000000000011', 60, 21, 'finished', now(), now()),
('srp24g027', 'srp2024aa-0000-4000-8000-000000000001', 'srp24r05', TIMESTAMPTZ '2024-03-23 16:35+13', '11111111-0000-4000-8000-000000000003', '11111111-0000-4000-8000-000000000007', 38, 33, 'finished', now(), now()),
('srp24g028', 'srp2024aa-0000-4000-8000-000000000001', 'srp24r05', TIMESTAMPTZ '2024-03-23 19:05+10', '11111111-0000-4000-8000-000000000010', '11111111-0000-4000-8000-000000000008', 39, 36, 'finished', now(), now()),
('srp24g029', 'srp2024aa-0000-4000-8000-000000000001', 'srp24r05', TIMESTAMPTZ '2024-03-23 16:35+8',  '11111111-0000-4000-8000-000000000009', '11111111-0000-4000-8000-000000000012', 40, 31, 'finished', now(), now()),
-- Round 6 (29-30 Mar 2024)
('srp24g030', 'srp2024aa-0000-4000-8000-000000000001', 'srp24r06', TIMESTAMPTZ '2024-03-29 19:05+13', '11111111-0000-4000-8000-000000000004', '11111111-0000-4000-8000-000000000007', 28, 33, 'finished', now(), now()),
('srp24g031', 'srp2024aa-0000-4000-8000-000000000001', 'srp24r06', TIMESTAMPTZ '2024-03-29 19:35+13', '11111111-0000-4000-8000-000000000001', '11111111-0000-4000-8000-000000000003', 31, 27, 'finished', now(), now()),
('srp24g032', 'srp2024aa-0000-4000-8000-000000000001', 'srp24r06', TIMESTAMPTZ '2024-03-30 13:05+11', '11111111-0000-4000-8000-000000000007', '11111111-0000-4000-8000-000000000006', 19, 20, 'finished', now(), now()),
('srp24g033', 'srp2024aa-0000-4000-8000-000000000001', 'srp24r06', TIMESTAMPTZ '2024-03-30 16:35+13', '11111111-0000-4000-8000-000000000005', '11111111-0000-4000-8000-000000000009', 7,  6,  'finished', now(), now()),
('srp24g034', 'srp2024aa-0000-4000-8000-000000000001', 'srp24r06', TIMESTAMPTZ '2024-03-30 19:05+13', '11111111-0000-4000-8000-000000000002', '11111111-0000-4000-8000-000000000011', 68, 12, 'finished', now(), now()),
('srp24g035', 'srp2024aa-0000-4000-8000-000000000001', 'srp24r06', TIMESTAMPTZ '2024-03-30 19:35+11', '11111111-0000-4000-8000-000000000012', '11111111-0000-4000-8000-000000000010', 41, 20, 'finished', now(), now()),
-- Round 7 (5-6 Apr 2024)
('srp24g036', 'srp2024aa-0000-4000-8000-000000000001', 'srp24r07', TIMESTAMPTZ '2024-04-05 19:05+13', '11111111-0000-4000-8000-000000000002', '11111111-0000-4000-8000-000000000003', 17, 20, 'finished', now(), now()),
('srp24g037', 'srp2024aa-0000-4000-8000-000000000001', 'srp24r07', TIMESTAMPTZ '2024-04-05 19:35+13', '11111111-0000-4000-8000-000000000005', '11111111-0000-4000-8000-000000000004', 32, 29, 'finished', now(), now()),
('srp24g038', 'srp2024aa-0000-4000-8000-000000000001', 'srp24r07', TIMESTAMPTZ '2024-04-05 19:35+10', '11111111-0000-4000-8000-000000000010', '11111111-0000-4000-8000-000000000012', 40, 19, 'finished', now(), now()),
('srp24g039', 'srp2024aa-0000-4000-8000-000000000001', 'srp24r07', TIMESTAMPTZ '2024-04-06 14:35+11', '11111111-0000-4000-8000-000000000006', '11111111-0000-4000-8000-000000000008', 40, 16, 'finished', now(), now()),
('srp24g040', 'srp2024aa-0000-4000-8000-000000000001', 'srp24r07', TIMESTAMPTZ '2024-04-06 16:35+11', '11111111-0000-4000-8000-000000000007', '11111111-0000-4000-8000-000000000011', 17, 14, 'finished', now(), now()),
-- Round 8 (12-13 Apr 2024)
('srp24g041', 'srp2024aa-0000-4000-8000-000000000001', 'srp24r08', TIMESTAMPTZ '2024-04-12 19:05+12', '11111111-0000-4000-8000-000000000003', '11111111-0000-4000-8000-000000000010', 15, 38, 'finished', now(), now()),
('srp24g042', 'srp2024aa-0000-4000-8000-000000000001', 'srp24r08', TIMESTAMPTZ '2024-04-12 19:35+11', '11111111-0000-4000-8000-000000000008', '11111111-0000-4000-8000-000000000004', 43, 40, 'finished', now(), now()),
('srp24g043', 'srp2024aa-0000-4000-8000-000000000001', 'srp24r08', TIMESTAMPTZ '2024-04-13 14:05+12', '11111111-0000-4000-8000-000000000001', '11111111-0000-4000-8000-000000000007', 41, 34, 'finished', now(), now()),
('srp24g044', 'srp2024aa-0000-4000-8000-000000000001', 'srp24r08', TIMESTAMPTZ '2024-04-13 16:35+11', '11111111-0000-4000-8000-000000000012', '11111111-0000-4000-8000-000000000005', 47, 31, 'finished', now(), now()),
-- Round 9 (19-20 Apr 2024)
('srp24g045', 'srp2024aa-0000-4000-8000-000000000001', 'srp24r09', TIMESTAMPTZ '2024-04-19 19:05+12', '11111111-0000-4000-8000-000000000003', '11111111-0000-4000-8000-000000000002', 36, 23, 'finished', now(), now()),
('srp24g046', 'srp2024aa-0000-4000-8000-000000000001', 'srp24r09', TIMESTAMPTZ '2024-04-19 19:35+12', '11111111-0000-4000-8000-000000000009', '11111111-0000-4000-8000-000000000004', 37, 15, 'finished', now(), now()),
('srp24g047', 'srp2024aa-0000-4000-8000-000000000001', 'srp24r09', TIMESTAMPTZ '2024-04-20 14:35+11', '11111111-0000-4000-8000-000000000006', '11111111-0000-4000-8000-000000000001', 22, 19, 'finished', now(), now()),
('srp24g048', 'srp2024aa-0000-4000-8000-000000000001', 'srp24r09', TIMESTAMPTZ '2024-04-20 19:05+12', '11111111-0000-4000-8000-000000000011', '11111111-0000-4000-8000-000000000007', 17, 14, 'finished', now(), now()),
('srp24g049', 'srp2024aa-0000-4000-8000-000000000001', 'srp24r09', TIMESTAMPTZ '2024-04-20 19:35+10', '11111111-0000-4000-8000-000000000010', '11111111-0000-4000-8000-000000000011', 24, 17, 'finished', now(), now()),
-- Round 10 ANZAC Round (26-27 Apr 2024)
('srp24g050', 'srp2024aa-0000-4000-8000-000000000001', 'srp24r10', TIMESTAMPTZ '2024-04-26 19:05+12', '11111111-0000-4000-8000-000000000003', '11111111-0000-4000-8000-000000000006', 27, 19, 'finished', now(), now()),
('srp24g051', 'srp2024aa-0000-4000-8000-000000000001', 'srp24r10', TIMESTAMPTZ '2024-04-26 19:35+12', '11111111-0000-4000-8000-000000000001', '11111111-0000-4000-8000-000000000002', 31, 17, 'finished', now(), now()),
('srp24g052', 'srp2024aa-0000-4000-8000-000000000001', 'srp24r10', TIMESTAMPTZ '2024-04-27 14:05+11', '11111111-0000-4000-8000-000000000006', '11111111-0000-4000-8000-000000000012', 53, 17, 'finished', now(), now()),
('srp24g053', 'srp2024aa-0000-4000-8000-000000000001', 'srp24r10', TIMESTAMPTZ '2024-04-27 14:35+12', '11111111-0000-4000-8000-000000000011', '11111111-0000-4000-8000-000000000004', 7,  43, 'finished', now(), now()),
('srp24g054', 'srp2024aa-0000-4000-8000-000000000001', 'srp24r10', TIMESTAMPTZ '2024-04-27 16:35+12', '11111111-0000-4000-8000-000000000002', '11111111-0000-4000-8000-000000000009', 56, 7,  'finished', now(), now()),
('srp24g055', 'srp2024aa-0000-4000-8000-000000000001', 'srp24r10', TIMESTAMPTZ '2024-04-27 19:05+12', '11111111-0000-4000-8000-000000000005', '11111111-0000-4000-8000-000000000010', 39, 3,  'finished', now(), now()),
-- Round 11 (3-4 May 2024)
('srp24g056', 'srp2024aa-0000-4000-8000-000000000001', 'srp24r11', TIMESTAMPTZ '2024-05-03 19:05+12', '11111111-0000-4000-8000-000000000004', '11111111-0000-4000-8000-000000000001', 29, 27, 'finished', now(), now()),
('srp24g057', 'srp2024aa-0000-4000-8000-000000000001', 'srp24r11', TIMESTAMPTZ '2024-05-03 19:35+12', '11111111-0000-4000-8000-000000000011', '11111111-0000-4000-8000-000000000012', 23, 29, 'finished', now(), now()),
('srp24g058', 'srp2024aa-0000-4000-8000-000000000001', 'srp24r11', TIMESTAMPTZ '2024-05-04 13:05+8',  '11111111-0000-4000-8000-000000000009', '11111111-0000-4000-8000-000000000007', 59, 13, 'finished', now(), now()),
('srp24g059', 'srp2024aa-0000-4000-8000-000000000001', 'srp24r11', TIMESTAMPTZ '2024-05-04 14:35+11', '11111111-0000-4000-8000-000000000006', '11111111-0000-4000-8000-000000000010', 28, 20, 'finished', now(), now()),
('srp24g060', 'srp2024aa-0000-4000-8000-000000000001', 'srp24r11', TIMESTAMPTZ '2024-05-04 16:35+11', '11111111-0000-4000-8000-000000000008', '11111111-0000-4000-8000-000000000002', 22, 38, 'finished', now(), now()),
('srp24g061', 'srp2024aa-0000-4000-8000-000000000001', 'srp24r11', TIMESTAMPTZ '2024-05-04 19:05+12', '11111111-0000-4000-8000-000000000005', '11111111-0000-4000-8000-000000000003', 12, 47, 'finished', now(), now()),
-- Round 12 Culture Round (10-11 May 2024)
('srp24g062', 'srp2024aa-0000-4000-8000-000000000001', 'srp24r12', TIMESTAMPTZ '2024-05-10 19:05+12', '11111111-0000-4000-8000-000000000005', '11111111-0000-4000-8000-000000000004', 32, 29, 'finished', now(), now()),
('srp24g063', 'srp2024aa-0000-4000-8000-000000000001', 'srp24r12', TIMESTAMPTZ '2024-05-10 19:35+12', '11111111-0000-4000-8000-000000000003', '11111111-0000-4000-8000-000000000001', 43, 45, 'finished', now(), now()),
('srp24g064', 'srp2024aa-0000-4000-8000-000000000001', 'srp24r12', TIMESTAMPTZ '2024-05-11 14:05+11', '11111111-0000-4000-8000-000000000008', '11111111-0000-4000-8000-000000000006', 21, 29, 'finished', now(), now()),
('srp24g065', 'srp2024aa-0000-4000-8000-000000000001', 'srp24r12', TIMESTAMPTZ '2024-05-11 16:35+11', '11111111-0000-4000-8000-000000000007', '11111111-0000-4000-8000-000000000012', 53, 26, 'finished', now(), now()),
('srp24g066', 'srp2024aa-0000-4000-8000-000000000001', 'srp24r12', TIMESTAMPTZ '2024-05-11 19:05+10', '11111111-0000-4000-8000-000000000009', '11111111-0000-4000-8000-000000000010', 48, 10, 'finished', now(), now()),
('srp24g067', 'srp2024aa-0000-4000-8000-000000000001', 'srp24r12', TIMESTAMPTZ '2024-05-11 19:35+12', '11111111-0000-4000-8000-000000000002', '11111111-0000-4000-8000-000000000011', 43, 10, 'finished', now(), now()),
-- Round 13 (17-18 May 2024)
('srp24g068', 'srp2024aa-0000-4000-8000-000000000001', 'srp24r13', TIMESTAMPTZ '2024-05-17 19:05+12', '11111111-0000-4000-8000-000000000006', '11111111-0000-4000-8000-000000000004', 31, 24, 'finished', now(), now()),
('srp24g069', 'srp2024aa-0000-4000-8000-000000000001', 'srp24r13', TIMESTAMPTZ '2024-05-17 19:35+11', '11111111-0000-4000-8000-000000000012', '11111111-0000-4000-8000-000000000007', 26, 53, 'finished', now(), now()),
('srp24g070', 'srp2024aa-0000-4000-8000-000000000001', 'srp24r13', TIMESTAMPTZ '2024-05-18 13:05+8',  '11111111-0000-4000-8000-000000000009', '11111111-0000-4000-8000-000000000008', 27, 7,  'finished', now(), now()),
('srp24g071', 'srp2024aa-0000-4000-8000-000000000001', 'srp24r13', TIMESTAMPTZ '2024-05-18 16:35+10', '11111111-0000-4000-8000-000000000010', '11111111-0000-4000-8000-000000000007', 28, 19, 'finished', now(), now()),
('srp24g072', 'srp2024aa-0000-4000-8000-000000000001', 'srp24r13', TIMESTAMPTZ '2024-05-18 19:05+12', '11111111-0000-4000-8000-000000000001', '11111111-0000-4000-8000-000000000006', 46, 7,  'finished', now(), now()),
('srp24g073', 'srp2024aa-0000-4000-8000-000000000001', 'srp24r13', TIMESTAMPTZ '2024-05-18 19:35+12', '11111111-0000-4000-8000-000000000011', '11111111-0000-4000-8000-000000000004', 8,  47, 'finished', now(), now()),
-- Round 14 (24-25 May 2024)
('srp24g074', 'srp2024aa-0000-4000-8000-000000000001', 'srp24r14', TIMESTAMPTZ '2024-05-24 19:05+12', '11111111-0000-4000-8000-000000000003', '11111111-0000-4000-8000-000000000002', 54, 28, 'finished', now(), now()),
('srp24g075', 'srp2024aa-0000-4000-8000-000000000001', 'srp24r14', TIMESTAMPTZ '2024-05-24 19:35+12', '11111111-0000-4000-8000-000000000001', '11111111-0000-4000-8000-000000000012', 38, 11, 'finished', now(), now()),
('srp24g076', 'srp2024aa-0000-4000-8000-000000000001', 'srp24r14', TIMESTAMPTZ '2024-05-25 14:05+12', '11111111-0000-4000-8000-000000000005', '11111111-0000-4000-8000-000000000003', 12, 47, 'finished', now(), now()),
('srp24g077', 'srp2024aa-0000-4000-8000-000000000001', 'srp24r14', TIMESTAMPTZ '2024-05-25 16:35+11', '11111111-0000-4000-8000-000000000006', '11111111-0000-4000-8000-000000000007', 22, 19, 'finished', now(), now()),
('srp24g078', 'srp2024aa-0000-4000-8000-000000000001', 'srp24r14', TIMESTAMPTZ '2024-05-25 19:05+11', '11111111-0000-4000-8000-000000000008', '11111111-0000-4000-8000-000000000009', 26, 27, 'finished', now(), now()),
('srp24g079', 'srp2024aa-0000-4000-8000-000000000001', 'srp24r14', TIMESTAMPTZ '2024-05-25 19:35+12', '11111111-0000-4000-8000-000000000002', '11111111-0000-4000-8000-000000000004', 47, 41, 'finished', now(), now()),
-- Round 15 (31 May – 1 Jun 2024)
('srp24g080', 'srp2024aa-0000-4000-8000-000000000001', 'srp24r15', TIMESTAMPTZ '2024-05-31 19:05+12', '11111111-0000-4000-8000-000000000003', '11111111-0000-4000-8000-000000000008', 41, 12, 'finished', now(), now()),
('srp24g081', 'srp2024aa-0000-4000-8000-000000000001', 'srp24r15', TIMESTAMPTZ '2024-05-31 19:35+12', '11111111-0000-4000-8000-000000000004', '11111111-0000-4000-8000-000000000011', 43, 10, 'finished', now(), now()),
('srp24g082', 'srp2024aa-0000-4000-8000-000000000001', 'srp24r15', TIMESTAMPTZ '2024-06-01 13:05+8',  '11111111-0000-4000-8000-000000000006', '11111111-0000-4000-8000-000000000009', 22, 19, 'finished', now(), now()),
('srp24g083', 'srp2024aa-0000-4000-8000-000000000001', 'srp24r15', TIMESTAMPTZ '2024-06-01 16:35+11', '11111111-0000-4000-8000-000000000007', '11111111-0000-4000-8000-000000000008', 40, 22, 'finished', now(), now()),
('srp24g084', 'srp2024aa-0000-4000-8000-000000000001', 'srp24r15', TIMESTAMPTZ '2024-06-01 19:05+12', '11111111-0000-4000-8000-000000000002', '11111111-0000-4000-8000-000000000003', 47, 41, 'finished', now(), now()),
('srp24g085', 'srp2024aa-0000-4000-8000-000000000001', 'srp24r15', TIMESTAMPTZ '2024-06-01 19:35+12', '11111111-0000-4000-8000-000000000011', '11111111-0000-4000-8000-000000000008', 27, 12, 'finished', now(), now()),
-- Quarter Finals (7-8 Jun 2024)
('srp24g086', 'srp2024aa-0000-4000-8000-000000000001', 'srp24qf0', TIMESTAMPTZ '2024-06-07 19:05+12', '11111111-0000-4000-8000-000000000003', '11111111-0000-4000-8000-000000000012', 54, 28, 'finished', now(), now()),
('srp24g087', 'srp2024aa-0000-4000-8000-000000000001', 'srp24qf0', TIMESTAMPTZ '2024-06-08 16:35+12', '11111111-0000-4000-8000-000000000001', '11111111-0000-4000-8000-000000000010', 50, 3,  'finished', now(), now()),
('srp24g088', 'srp2024aa-0000-4000-8000-000000000001', 'srp24qf0', TIMESTAMPTZ '2024-06-08 19:05+11', '11111111-0000-4000-8000-000000000006', '11111111-0000-4000-8000-000000000005', 28, 20, 'finished', now(), now()),
('srp24g089', 'srp2024aa-0000-4000-8000-000000000001', 'srp24qf0', TIMESTAMPTZ '2024-06-08 19:35+11', '11111111-0000-4000-8000-000000000002', '11111111-0000-4000-8000-000000000007', 46, 12, 'finished', now(), now()),
-- Semi Finals (14-15 Jun 2024)
('srp24g090', 'srp2024aa-0000-4000-8000-000000000001', 'srp24sf0', TIMESTAMPTZ '2024-06-14 19:05+12', '11111111-0000-4000-8000-000000000003', '11111111-0000-4000-8000-000000000002', 23, 28, 'finished', now(), now()),
('srp24g091', 'srp2024aa-0000-4000-8000-000000000001', 'srp24sf0', TIMESTAMPTZ '2024-06-15 16:35+12', '11111111-0000-4000-8000-000000000001', '11111111-0000-4000-8000-000000000006', 39, 7,  'finished', now(), now()),
-- Grand Final (22 Jun 2024 at Eden Park, Auckland)
('srp24g092', 'srp2024aa-0000-4000-8000-000000000001', 'srp24gf0', TIMESTAMPTZ '2024-06-22 19:05+12', '11111111-0000-4000-8000-000000000001', '11111111-0000-4000-8000-000000000002', 41, 10, 'finished', now(), now());