-- National Provincial Championship 2026

-- Competition (reuses same competition ID as 2025 NPC)
-- NOTE: If you have already run the 2025 NPC seed, the competition already exists.
-- Only insert if it doesn't already exist, or use a separate competition record.
INSERT INTO competitions (id, name, created_at, updated_at)
VALUES (
    '44dd315c-1abc-43aa-9843-642f920190d1',
    'National Provincial Championship',
    now(),
    now()
) ON CONFLICT (id) DO NOTHING;

-- 2026 Season
INSERT INTO seasons (id, competition_id, start_date, end_date, created_at, updated_at)
VALUES (
    'cc000000-0000-4000-8000-000000000001',
    '44dd315c-1abc-43aa-9843-642f920190d1',
    TIMESTAMPTZ '2026-07-30 19:05+12',
    TIMESTAMPTZ '2026-10-25 17:00+13',
    now(),
    now()
);

-- Teams (same 14 as 2025 — insert if not already present)
INSERT INTO teams (id, name, abbreviation, location, created_at, updated_at)
VALUES
('013952a5-87e1-4d26-a312-09b2aff54241', 'Auckland',        'AUK', 'Auckland',        now(), now()),
('b5c6e9d7-8f11-4ef2-acc6-2e5a97839532', 'Bay Of Plenty',   'BOP', 'Tauranga',         now(), now()),
('f192a9ce-dce2-4389-8491-1a193ac7699e', 'Canterbury',      'CAN', 'Christchurch',     now(), now()),
('6b5c3642-c026-4e89-81f7-024c40638f9a', 'Counties Manukau','CMK', 'Pukekohe',         now(), now()),
('dedb2044-1d2f-4dc7-84c6-509ec69c82e1', 'Hawke''s Bay',    'HKB', 'Napier',           now(), now()),
('636f1f87-bc47-4e63-a3de-bf7cb8eb0c22', 'Manawatū',        'MAN', 'Palmerston North', now(), now()),
('e2d6c2bb-eac6-42d6-8727-4d4cbeb3e3d7', 'North Harbour',  'NHB', 'Albany',           now(), now()),
('7e5abf68-8358-4c20-b6a4-f64ef264c13c', 'Northland',       'NOR', 'Whangārei',        now(), now()),
('a5d930c3-13aa-4a85-b5c9-8f40c2c61c8a', 'Otago',           'OTA', 'Dunedin',          now(), now()),
('15c76909-f78a-4d89-bc19-7c80265e1e08', 'Southland',       'STL', 'Invercargill',     now(), now()),
('bfe6ec41-e3f0-4f8f-90d2-d7bca66e1a1f', 'Taranaki',        'TAR', 'New Plymouth',     now(), now()),
('19b3ea1e-0c46-41f3-84ea-490b6b1db30f', 'Tasman',          'TAS', 'Nelson',           now(), now()),
('7b6cdb33-3bc6-4b0c-bac2-82d2a6bc6a97', 'Waikato',         'WAI', 'Hamilton',         now(), now()),
('ab4c78b1-5dc6-4a14-8f15-d1f144b81d96', 'Wellington',      'WEL', 'Wellington',       now(), now())
ON CONFLICT (id) DO NOTHING;

-- Season teams
INSERT INTO season_teams (id, season_id, team_id, created_at, updated_at, deleted_at)
VALUES
('dd000000-0000-4000-8000-000000000001', 'cc000000-0000-4000-8000-000000000001', '013952a5-87e1-4d26-a312-09b2aff54241', now(), now(), NULL),
('dd000000-0000-4000-8000-000000000002', 'cc000000-0000-4000-8000-000000000001', 'b5c6e9d7-8f11-4ef2-acc6-2e5a97839532', now(), now(), NULL),
('dd000000-0000-4000-8000-000000000003', 'cc000000-0000-4000-8000-000000000001', 'f192a9ce-dce2-4389-8491-1a193ac7699e', now(), now(), NULL),
('dd000000-0000-4000-8000-000000000004', 'cc000000-0000-4000-8000-000000000001', '6b5c3642-c026-4e89-81f7-024c40638f9a', now(), now(), NULL),
('dd000000-0000-4000-8000-000000000005', 'cc000000-0000-4000-8000-000000000001', 'dedb2044-1d2f-4dc7-84c6-509ec69c82e1', now(), now(), NULL),
('dd000000-0000-4000-8000-000000000006', 'cc000000-0000-4000-8000-000000000001', '636f1f87-bc47-4e63-a3de-bf7cb8eb0c22', now(), now(), NULL),
('dd000000-0000-4000-8000-000000000007', 'cc000000-0000-4000-8000-000000000001', 'e2d6c2bb-eac6-42d6-8727-4d4cbeb3e3d7', now(), now(), NULL),
('dd000000-0000-4000-8000-000000000008', 'cc000000-0000-4000-8000-000000000001', '7e5abf68-8358-4c20-b6a4-f64ef264c13c', now(), now(), NULL),
('dd000000-0000-4000-8000-000000000009', 'cc000000-0000-4000-8000-000000000001', 'a5d930c3-13aa-4a85-b5c9-8f40c2c61c8a', now(), now(), NULL),
('dd000000-0000-4000-8000-000000000010', 'cc000000-0000-4000-8000-000000000001', '15c76909-f78a-4d89-bc19-7c80265e1e08', now(), now(), NULL),
('dd000000-0000-4000-8000-000000000011', 'cc000000-0000-4000-8000-000000000001', 'bfe6ec41-e3f0-4f8f-90d2-d7bca66e1a1f', now(), now(), NULL),
('dd000000-0000-4000-8000-000000000012', 'cc000000-0000-4000-8000-000000000001', '19b3ea1e-0c46-41f3-84ea-490b6b1db30f', now(), now(), NULL),
('dd000000-0000-4000-8000-000000000013', 'cc000000-0000-4000-8000-000000000001', '7b6cdb33-3bc6-4b0c-bac2-82d2a6bc6a97', now(), now(), NULL),
('dd000000-0000-4000-8000-000000000014', 'cc000000-0000-4000-8000-000000000001', 'ab4c78b1-5dc6-4a14-8f15-d1f144b81d96', now(), now(), NULL);

-- Stages: 10 regular rounds + Quarterfinals + Semifinals + Final
INSERT INTO stages (id, season_id, name, stage_type, order_index, created_at, updated_at)
VALUES
('ee000000-0000-4000-8000-000000000001', 'cc000000-0000-4000-8000-000000000001', 'Round 1',       'regular', 1,  now(), now()),
('ee000000-0000-4000-8000-000000000002', 'cc000000-0000-4000-8000-000000000001', 'Round 2',       'regular', 2,  now(), now()),
('ee000000-0000-4000-8000-000000000003', 'cc000000-0000-4000-8000-000000000001', 'Round 3',       'regular', 3,  now(), now()),
('ee000000-0000-4000-8000-000000000004', 'cc000000-0000-4000-8000-000000000001', 'Round 4',       'regular', 4,  now(), now()),
('ee000000-0000-4000-8000-000000000005', 'cc000000-0000-4000-8000-000000000001', 'Round 5',       'regular', 5,  now(), now()),
('ee000000-0000-4000-8000-000000000006', 'cc000000-0000-4000-8000-000000000001', 'Round 6',       'regular', 6,  now(), now()),
('ee000000-0000-4000-8000-000000000007', 'cc000000-0000-4000-8000-000000000001', 'Round 7',       'regular', 7,  now(), now()),
('ee000000-0000-4000-8000-000000000008', 'cc000000-0000-4000-8000-000000000001', 'Round 8',       'regular', 8,  now(), now()),
('ee000000-0000-4000-8000-000000000009', 'cc000000-0000-4000-8000-000000000001', 'Round 9',       'regular', 9,  now(), now()),
('ee000000-0000-4000-8000-000000000010', 'cc000000-0000-4000-8000-000000000001', 'Round 10',      'regular', 10, now(), now()),
('ee000000-0000-4000-8000-000000000011', 'cc000000-0000-4000-8000-000000000001', 'Quarterfinals', 'finals',  11, now(), now()),
('ee000000-0000-4000-8000-000000000012', 'cc000000-0000-4000-8000-000000000001', 'Semifinals',    'finals',  12, now(), now()),
('ee000000-0000-4000-8000-000000000013', 'cc000000-0000-4000-8000-000000000001', 'Final',         'finals',  13, now(), now());

-- Games
-- All scores NULL / status 'scheduled' as season hasn't started yet
-- Kick-off times are in local NZ time (NZST = UTC+12)
-- Sources: FMG Stadium Waikato events, Ultimate Rugby Canterbury/Tasman fixtures,
--          NZR schedule announcement

INSERT INTO games (
    id, season_id, stage_id, date,
    home_team_id, away_team_id,
    home_score, away_score,
    status, created_at, updated_at
)
VALUES

-- Round 1 (30 Jul – 3 Aug 2026)
-- Opening game: Bay of Plenty v Waikato in Hamilton (NZR confirmed)
('ff000000-0000-4000-8000-000000000001', 'cc000000-0000-4000-8000-000000000001', 'ee000000-0000-4000-8000-000000000001',
 TIMESTAMPTZ '2026-07-30 19:05+12',
 'b5c6e9d7-8f11-4ef2-acc6-2e5a97839532', '7b6cdb33-3bc6-4b0c-bac2-82d2a6bc6a97',
 NULL, NULL, 'scheduled', now(), now()), -- BOP v WAI

('ff000000-0000-4000-8000-000000000002', 'cc000000-0000-4000-8000-000000000001', 'ee000000-0000-4000-8000-000000000001',
 TIMESTAMPTZ '2026-08-01 14:05+12',
 'ab4c78b1-5dc6-4a14-8f15-d1f144b81d96', 'f192a9ce-dce2-4389-8491-1a193ac7699e',
 NULL, NULL, 'scheduled', now(), now()), -- WEL v CAN

('ff000000-0000-4000-8000-000000000003', 'cc000000-0000-4000-8000-000000000001', 'ee000000-0000-4000-8000-000000000001',
 TIMESTAMPTZ '2026-08-01 19:10+12',
 '013952a5-87e1-4d26-a312-09b2aff54241', 'dedb2044-1d2f-4dc7-84c6-509ec69c82e1',
 NULL, NULL, 'scheduled', now(), now()), -- AUK v HKB

('ff000000-0000-4000-8000-000000000004', 'cc000000-0000-4000-8000-000000000001', 'ee000000-0000-4000-8000-000000000001',
 TIMESTAMPTZ '2026-08-02 14:05+12',
 'a5d930c3-13aa-4a85-b5c9-8f40c2c61c8a', '19b3ea1e-0c46-41f3-84ea-490b6b1db30f',
 NULL, NULL, 'scheduled', now(), now()), -- OTA v TAS

('ff000000-0000-4000-8000-000000000005', 'cc000000-0000-4000-8000-000000000001', 'ee000000-0000-4000-8000-000000000001',
 TIMESTAMPTZ '2026-08-02 19:10+12',
 'bfe6ec41-e3f0-4f8f-90d2-d7bca66e1a1f', '7e5abf68-8358-4c20-b6a4-f64ef264c13c',
 NULL, NULL, 'scheduled', now(), now()), -- TAR v NOR

('ff000000-0000-4000-8000-000000000006', 'cc000000-0000-4000-8000-000000000001', 'ee000000-0000-4000-8000-000000000001',
 TIMESTAMPTZ '2026-08-02 19:10+12',
 '636f1f87-bc47-4e63-a3de-bf7cb8eb0c22', '6b5c3642-c026-4e89-81f7-024c40638f9a',
 NULL, NULL, 'scheduled', now(), now()), -- MAN v CMK

('ff000000-0000-4000-8000-000000000007', 'cc000000-0000-4000-8000-000000000001', 'ee000000-0000-4000-8000-000000000001',
 TIMESTAMPTZ '2026-08-03 14:05+12',
 'e2d6c2bb-eac6-42d6-8727-4d4cbeb3e3d7', '15c76909-f78a-4d89-bc19-7c80265e1e08',
 NULL, NULL, 'scheduled', now(), now()), -- NHB v STL

-- Round 2 (7–10 Aug 2026)
-- Canterbury v Auckland at One New Zealand Stadium (confirmed from Ultimate Rugby)
('ff000000-0000-4000-8000-000000000008', 'cc000000-0000-4000-8000-000000000001', 'ee000000-0000-4000-8000-000000000002',
 TIMESTAMPTZ '2026-08-07 19:10+12',
 'f192a9ce-dce2-4389-8491-1a193ac7699e', '013952a5-87e1-4d26-a312-09b2aff54241',
 NULL, NULL, 'scheduled', now(), now()), -- CAN v AUK

('ff000000-0000-4000-8000-000000000009', 'cc000000-0000-4000-8000-000000000001', 'ee000000-0000-4000-8000-000000000002',
 TIMESTAMPTZ '2026-08-08 14:05+12',
 'dedb2044-1d2f-4dc7-84c6-509ec69c82e1', 'ab4c78b1-5dc6-4a14-8f15-d1f144b81d96',
 NULL, NULL, 'scheduled', now(), now()), -- HKB v WEL

('ff000000-0000-4000-8000-000000000010', 'cc000000-0000-4000-8000-000000000001', 'ee000000-0000-4000-8000-000000000002',
 TIMESTAMPTZ '2026-08-08 19:10+12',
 '7b6cdb33-3bc6-4b0c-bac2-82d2a6bc6a97', 'bfe6ec41-e3f0-4f8f-90d2-d7bca66e1a1f',
 NULL, NULL, 'scheduled', now(), now()), -- WAI v TAR

('ff000000-0000-4000-8000-000000000011', 'cc000000-0000-4000-8000-000000000001', 'ee000000-0000-4000-8000-000000000002',
 TIMESTAMPTZ '2026-08-09 14:05+12',
 'a5d930c3-13aa-4a85-b5c9-8f40c2c61c8a', 'f192a9ce-dce2-4389-8491-1a193ac7699e',
 NULL, NULL, 'scheduled', now(), now()), -- OTA v CAN

('ff000000-0000-4000-8000-000000000012', 'cc000000-0000-4000-8000-000000000001', 'ee000000-0000-4000-8000-000000000002',
 TIMESTAMPTZ '2026-08-09 19:10+12',
 '7e5abf68-8358-4c20-b6a4-f64ef264c13c', '636f1f87-bc47-4e63-a3de-bf7cb8eb0c22',
 NULL, NULL, 'scheduled', now(), now()), -- NOR v MAN

('ff000000-0000-4000-8000-000000000013', 'cc000000-0000-4000-8000-000000000001', 'ee000000-0000-4000-8000-000000000002',
 TIMESTAMPTZ '2026-08-09 19:10+12',
 '19b3ea1e-0c46-41f3-84ea-490b6b1db30f', 'e2d6c2bb-eac6-42d6-8727-4d4cbeb3e3d7',
 NULL, NULL, 'scheduled', now(), now()), -- TAS v NHB

('ff000000-0000-4000-8000-000000000014', 'cc000000-0000-4000-8000-000000000001', 'ee000000-0000-4000-8000-000000000002',
 TIMESTAMPTZ '2026-08-10 14:05+12',
 '6b5c3642-c026-4e89-81f7-024c40638f9a', '15c76909-f78a-4d89-bc19-7c80265e1e08',
 NULL, NULL, 'scheduled', now(), now()), -- CMK v STL

-- Round 3 (13–17 Aug 2026)
-- Canterbury v Bay of Plenty at One NZ Stadium 15 Aug (confirmed)
-- Canterbury v Northland at One NZ Stadium 20 Aug (confirmed - but this is R4 date, adjust below)
('ff000000-0000-4000-8000-000000000015', 'cc000000-0000-4000-8000-000000000001', 'ee000000-0000-4000-8000-000000000003',
 TIMESTAMPTZ '2026-08-13 19:10+12',
 'ab4c78b1-5dc6-4a14-8f15-d1f144b81d96', '7b6cdb33-3bc6-4b0c-bac2-82d2a6bc6a97',
 NULL, NULL, 'scheduled', now(), now()), -- WEL v WAI

('ff000000-0000-4000-8000-000000000016', 'cc000000-0000-4000-8000-000000000001', 'ee000000-0000-4000-8000-000000000003',
 TIMESTAMPTZ '2026-08-15 14:05+12',
 'f192a9ce-dce2-4389-8491-1a193ac7699e', 'b5c6e9d7-8f11-4ef2-acc6-2e5a97839532',
 NULL, NULL, 'scheduled', now(), now()), -- CAN v BOP

('ff000000-0000-4000-8000-000000000017', 'cc000000-0000-4000-8000-000000000001', 'ee000000-0000-4000-8000-000000000003',
 TIMESTAMPTZ '2026-08-15 19:10+12',
 'dedb2044-1d2f-4dc7-84c6-509ec69c82e1', '6b5c3642-c026-4e89-81f7-024c40638f9a',
 NULL, NULL, 'scheduled', now(), now()), -- HKB v CMK

('ff000000-0000-4000-8000-000000000018', 'cc000000-0000-4000-8000-000000000001', 'ee000000-0000-4000-8000-000000000003',
 TIMESTAMPTZ '2026-08-16 14:05+12',
 'a5d930c3-13aa-4a85-b5c9-8f40c2c61c8a', 'e2d6c2bb-eac6-42d6-8727-4d4cbeb3e3d7',
 NULL, NULL, 'scheduled', now(), now()), -- OTA v NHB

('ff000000-0000-4000-8000-000000000019', 'cc000000-0000-4000-8000-000000000001', 'ee000000-0000-4000-8000-000000000003',
 TIMESTAMPTZ '2026-08-16 19:10+12',
 '013952a5-87e1-4d26-a312-09b2aff54241', '636f1f87-bc47-4e63-a3de-bf7cb8eb0c22',
 NULL, NULL, 'scheduled', now(), now()), -- AUK v MAN

('ff000000-0000-4000-8000-000000000020', 'cc000000-0000-4000-8000-000000000001', 'ee000000-0000-4000-8000-000000000003',
 TIMESTAMPTZ '2026-08-16 19:10+12',
 'bfe6ec41-e3f0-4f8f-90d2-d7bca66e1a1f', '15c76909-f78a-4d89-bc19-7c80265e1e08',
 NULL, NULL, 'scheduled', now(), now()), -- TAR v STL

('ff000000-0000-4000-8000-000000000021', 'cc000000-0000-4000-8000-000000000001', 'ee000000-0000-4000-8000-000000000003',
 TIMESTAMPTZ '2026-08-17 14:05+12',
 '19b3ea1e-0c46-41f3-84ea-490b6b1db30f', '7e5abf68-8358-4c20-b6a4-f64ef264c13c',
 NULL, NULL, 'scheduled', now(), now()), -- TAS v NOR

-- Round 4 (20–24 Aug 2026)
-- Canterbury v Northland 20 Aug confirmed; Waikato v Counties Manukau 23 Aug confirmed
('ff000000-0000-4000-8000-000000000022', 'cc000000-0000-4000-8000-000000000001', 'ee000000-0000-4000-8000-000000000004',
 TIMESTAMPTZ '2026-08-20 19:10+12',
 'f192a9ce-dce2-4389-8491-1a193ac7699e', '7e5abf68-8358-4c20-b6a4-f64ef264c13c',
 NULL, NULL, 'scheduled', now(), now()), -- CAN v NOR

('ff000000-0000-4000-8000-000000000023', 'cc000000-0000-4000-8000-000000000001', 'ee000000-0000-4000-8000-000000000004',
 TIMESTAMPTZ '2026-08-22 14:05+12',
 'ab4c78b1-5dc6-4a14-8f15-d1f144b81d96', 'b5c6e9d7-8f11-4ef2-acc6-2e5a97839532',
 NULL, NULL, 'scheduled', now(), now()), -- WEL v BOP

('ff000000-0000-4000-8000-000000000024', 'cc000000-0000-4000-8000-000000000001', 'ee000000-0000-4000-8000-000000000004',
 TIMESTAMPTZ '2026-08-22 19:10+12',
 '19b3ea1e-0c46-41f3-84ea-490b6b1db30f', 'a5d930c3-13aa-4a85-b5c9-8f40c2c61c8a',
 NULL, NULL, 'scheduled', now(), now()), -- TAS v OTA

('ff000000-0000-4000-8000-000000000025', 'cc000000-0000-4000-8000-000000000001', 'ee000000-0000-4000-8000-000000000004',
 TIMESTAMPTZ '2026-08-23 14:05+12',
 '7b6cdb33-3bc6-4b0c-bac2-82d2a6bc6a97', '6b5c3642-c026-4e89-81f7-024c40638f9a',
 NULL, NULL, 'scheduled', now(), now()), -- WAI v CMK

('ff000000-0000-4000-8000-000000000026', 'cc000000-0000-4000-8000-000000000001', 'ee000000-0000-4000-8000-000000000004',
 TIMESTAMPTZ '2026-08-23 19:10+12',
 'dedb2044-1d2f-4dc7-84c6-509ec69c82e1', '636f1f87-bc47-4e63-a3de-bf7cb8eb0c22',
 NULL, NULL, 'scheduled', now(), now()), -- HKB v MAN

('ff000000-0000-4000-8000-000000000027', 'cc000000-0000-4000-8000-000000000001', 'ee000000-0000-4000-8000-000000000004',
 TIMESTAMPTZ '2026-08-23 19:10+12',
 'e2d6c2bb-eac6-42d6-8727-4d4cbeb3e3d7', '013952a5-87e1-4d26-a312-09b2aff54241',
 NULL, NULL, 'scheduled', now(), now()), -- NHB v AUK

('ff000000-0000-4000-8000-000000000028', 'cc000000-0000-4000-8000-000000000001', 'ee000000-0000-4000-8000-000000000004',
 TIMESTAMPTZ '2026-08-24 14:05+12',
 'bfe6ec41-e3f0-4f8f-90d2-d7bca66e1a1f', '15c76909-f78a-4d89-bc19-7c80265e1e08',
 NULL, NULL, 'scheduled', now(), now()), -- TAR v STL

-- Round 5 (27–31 Aug 2026)
-- Taranaki v Canterbury 29 Aug confirmed
('ff000000-0000-4000-8000-000000000029', 'cc000000-0000-4000-8000-000000000001', 'ee000000-0000-4000-8000-000000000005',
 TIMESTAMPTZ '2026-08-28 19:10+12',
 '7e5abf68-8358-4c20-b6a4-f64ef264c13c', 'a5d930c3-13aa-4a85-b5c9-8f40c2c61c8a',
 NULL, NULL, 'scheduled', now(), now()), -- NOR v OTA

('ff000000-0000-4000-8000-000000000030', 'cc000000-0000-4000-8000-000000000001', 'ee000000-0000-4000-8000-000000000005',
 TIMESTAMPTZ '2026-08-29 14:05+12',
 'bfe6ec41-e3f0-4f8f-90d2-d7bca66e1a1f', 'f192a9ce-dce2-4389-8491-1a193ac7699e',
 NULL, NULL, 'scheduled', now(), now()), -- TAR v CAN

('ff000000-0000-4000-8000-000000000031', 'cc000000-0000-4000-8000-000000000001', 'ee000000-0000-4000-8000-000000000005',
 TIMESTAMPTZ '2026-08-29 19:10+12',
 'b5c6e9d7-8f11-4ef2-acc6-2e5a97839532', '6b5c3642-c026-4e89-81f7-024c40638f9a',
 NULL, NULL, 'scheduled', now(), now()), -- BOP v CMK

('ff000000-0000-4000-8000-000000000032', 'cc000000-0000-4000-8000-000000000001', 'ee000000-0000-4000-8000-000000000005',
 TIMESTAMPTZ '2026-08-30 14:05+12',
 '013952a5-87e1-4d26-a312-09b2aff54241', 'ab4c78b1-5dc6-4a14-8f15-d1f144b81d96',
 NULL, NULL, 'scheduled', now(), now()), -- AUK v WEL

('ff000000-0000-4000-8000-000000000033', 'cc000000-0000-4000-8000-000000000001', 'ee000000-0000-4000-8000-000000000005',
 TIMESTAMPTZ '2026-08-30 19:10+12',
 '636f1f87-bc47-4e63-a3de-bf7cb8eb0c22', '19b3ea1e-0c46-41f3-84ea-490b6b1db30f',
 NULL, NULL, 'scheduled', now(), now()), -- MAN v TAS

('ff000000-0000-4000-8000-000000000034', 'cc000000-0000-4000-8000-000000000001', 'ee000000-0000-4000-8000-000000000005',
 TIMESTAMPTZ '2026-08-30 19:10+12',
 'dedb2044-1d2f-4dc7-84c6-509ec69c82e1', '15c76909-f78a-4d89-bc19-7c80265e1e08',
 NULL, NULL, 'scheduled', now(), now()), -- HKB v STL

('ff000000-0000-4000-8000-000000000035', 'cc000000-0000-4000-8000-000000000001', 'ee000000-0000-4000-8000-000000000005',
 TIMESTAMPTZ '2026-08-31 14:05+12',
 'e2d6c2bb-eac6-42d6-8727-4d4cbeb3e3d7', '7b6cdb33-3bc6-4b0c-bac2-82d2a6bc6a97',
 NULL, NULL, 'scheduled', now(), now()), -- NHB v WAI

-- Round 6 (3–7 Sep 2026)
-- Waikato v Canterbury 5 Sep confirmed (FMG Stadium)
('ff000000-0000-4000-8000-000000000036', 'cc000000-0000-4000-8000-000000000001', 'ee000000-0000-4000-8000-000000000006',
 TIMESTAMPTZ '2026-09-04 19:10+12',
 'a5d930c3-13aa-4a85-b5c9-8f40c2c61c8a', 'dedb2044-1d2f-4dc7-84c6-509ec69c82e1',
 NULL, NULL, 'scheduled', now(), now()), -- OTA v HKB

('ff000000-0000-4000-8000-000000000037', 'cc000000-0000-4000-8000-000000000001', 'ee000000-0000-4000-8000-000000000006',
 TIMESTAMPTZ '2026-09-05 14:05+12',
 'ab4c78b1-5dc6-4a14-8f15-d1f144b81d96', '7e5abf68-8358-4c20-b6a4-f64ef264c13c',
 NULL, NULL, 'scheduled', now(), now()), -- WEL v NOR

('ff000000-0000-4000-8000-000000000038', 'cc000000-0000-4000-8000-000000000001', 'ee000000-0000-4000-8000-000000000006',
 TIMESTAMPTZ '2026-09-05 19:10+12',
 '7b6cdb33-3bc6-4b0c-bac2-82d2a6bc6a97', 'f192a9ce-dce2-4389-8491-1a193ac7699e',
 NULL, NULL, 'scheduled', now(), now()), -- WAI v CAN

('ff000000-0000-4000-8000-000000000039', 'cc000000-0000-4000-8000-000000000001', 'ee000000-0000-4000-8000-000000000006',
 TIMESTAMPTZ '2026-09-06 14:05+12',
 '6b5c3642-c026-4e89-81f7-024c40638f9a', 'bfe6ec41-e3f0-4f8f-90d2-d7bca66e1a1f',
 NULL, NULL, 'scheduled', now(), now()), -- CMK v TAR

('ff000000-0000-4000-8000-000000000040', 'cc000000-0000-4000-8000-000000000001', 'ee000000-0000-4000-8000-000000000006',
 TIMESTAMPTZ '2026-09-06 19:10+12',
 '19b3ea1e-0c46-41f3-84ea-490b6b1db30f', '636f1f87-bc47-4e63-a3de-bf7cb8eb0c22',
 NULL, NULL, 'scheduled', now(), now()), -- TAS v MAN

('ff000000-0000-4000-8000-000000000041', 'cc000000-0000-4000-8000-000000000001', 'ee000000-0000-4000-8000-000000000006',
 TIMESTAMPTZ '2026-09-06 19:10+12',
 'b5c6e9d7-8f11-4ef2-acc6-2e5a97839532', '013952a5-87e1-4d26-a312-09b2aff54241',
 NULL, NULL, 'scheduled', now(), now()), -- BOP v AUK

('ff000000-0000-4000-8000-000000000042', 'cc000000-0000-4000-8000-000000000001', 'ee000000-0000-4000-8000-000000000006',
 TIMESTAMPTZ '2026-09-07 14:05+12',
 'e2d6c2bb-eac6-42d6-8727-4d4cbeb3e3d7', '15c76909-f78a-4d89-bc19-7c80265e1e08',
 NULL, NULL, 'scheduled', now(), now()), -- NHB v STL

-- Round 7 (10–14 Sep 2026)
-- Canterbury v Wellington 12 Sep confirmed; Otago v Tasman 11 Sep confirmed
('ff000000-0000-4000-8000-000000000043', 'cc000000-0000-4000-8000-000000000001', 'ee000000-0000-4000-8000-000000000007',
 TIMESTAMPTZ '2026-09-10 19:10+12',
 '013952a5-87e1-4d26-a312-09b2aff54241', 'bfe6ec41-e3f0-4f8f-90d2-d7bca66e1a1f',
 NULL, NULL, 'scheduled', now(), now()), -- AUK v TAR

('ff000000-0000-4000-8000-000000000044', 'cc000000-0000-4000-8000-000000000001', 'ee000000-0000-4000-8000-000000000007',
 TIMESTAMPTZ '2026-09-11 14:05+12',
 'a5d930c3-13aa-4a85-b5c9-8f40c2c61c8a', '19b3ea1e-0c46-41f3-84ea-490b6b1db30f',
 NULL, NULL, 'scheduled', now(), now()), -- OTA v TAS

('ff000000-0000-4000-8000-000000000045', 'cc000000-0000-4000-8000-000000000001', 'ee000000-0000-4000-8000-000000000007',
 TIMESTAMPTZ '2026-09-11 19:10+12',
 'dedb2044-1d2f-4dc7-84c6-509ec69c82e1', '7b6cdb33-3bc6-4b0c-bac2-82d2a6bc6a97',
 NULL, NULL, 'scheduled', now(), now()), -- HKB v WAI

('ff000000-0000-4000-8000-000000000046', 'cc000000-0000-4000-8000-000000000001', 'ee000000-0000-4000-8000-000000000007',
 TIMESTAMPTZ '2026-09-12 14:05+12',
 'b5c6e9d7-8f11-4ef2-acc6-2e5a97839532', '636f1f87-bc47-4e63-a3de-bf7cb8eb0c22',
 NULL, NULL, 'scheduled', now(), now()), -- BOP v MAN

('ff000000-0000-4000-8000-000000000047', 'cc000000-0000-4000-8000-000000000001', 'ee000000-0000-4000-8000-000000000007',
 TIMESTAMPTZ '2026-09-12 19:10+12',
 'f192a9ce-dce2-4389-8491-1a193ac7699e', 'ab4c78b1-5dc6-4a14-8f15-d1f144b81d96',
 NULL, NULL, 'scheduled', now(), now()), -- CAN v WEL

('ff000000-0000-4000-8000-000000000048', 'cc000000-0000-4000-8000-000000000001', 'ee000000-0000-4000-8000-000000000007',
 TIMESTAMPTZ '2026-09-13 14:05+12',
 '6b5c3642-c026-4e89-81f7-024c40638f9a', 'e2d6c2bb-eac6-42d6-8727-4d4cbeb3e3d7',
 NULL, NULL, 'scheduled', now(), now()), -- CMK v NHB

('ff000000-0000-4000-8000-000000000049', 'cc000000-0000-4000-8000-000000000001', 'ee000000-0000-4000-8000-000000000007',
 TIMESTAMPTZ '2026-09-13 14:05+12',
 '15c76909-f78a-4d89-bc19-7c80265e1e08', '7e5abf68-8358-4c20-b6a4-f64ef264c13c',
 NULL, NULL, 'scheduled', now(), now()), -- STL v NOR

-- Round 8 (17–21 Sep 2026)
-- Tasman v Auckland 18 Sep confirmed; Waikato v Manawatū 19 Sep confirmed
('ff000000-0000-4000-8000-000000000050', 'cc000000-0000-4000-8000-000000000001', 'ee000000-0000-4000-8000-000000000008',
 TIMESTAMPTZ '2026-09-17 19:10+12',
 'bfe6ec41-e3f0-4f8f-90d2-d7bca66e1a1f', 'dedb2044-1d2f-4dc7-84c6-509ec69c82e1',
 NULL, NULL, 'scheduled', now(), now()), -- TAR v HKB

('ff000000-0000-4000-8000-000000000051', 'cc000000-0000-4000-8000-000000000001', 'ee000000-0000-4000-8000-000000000008',
 TIMESTAMPTZ '2026-09-18 19:10+12',
 '19b3ea1e-0c46-41f3-84ea-490b6b1db30f', '013952a5-87e1-4d26-a312-09b2aff54241',
 NULL, NULL, 'scheduled', now(), now()), -- TAS v AUK

('ff000000-0000-4000-8000-000000000052', 'cc000000-0000-4000-8000-000000000001', 'ee000000-0000-4000-8000-000000000008',
 TIMESTAMPTZ '2026-09-19 14:05+12',
 'ab4c78b1-5dc6-4a14-8f15-d1f144b81d96', 'a5d930c3-13aa-4a85-b5c9-8f40c2c61c8a',
 NULL, NULL, 'scheduled', now(), now()), -- WEL v OTA

('ff000000-0000-4000-8000-000000000053', 'cc000000-0000-4000-8000-000000000001', 'ee000000-0000-4000-8000-000000000008',
 TIMESTAMPTZ '2026-09-19 17:05+12',
 '7b6cdb33-3bc6-4b0c-bac2-82d2a6bc6a97', '636f1f87-bc47-4e63-a3de-bf7cb8eb0c22',
 NULL, NULL, 'scheduled', now(), now()), -- WAI v MAN

('ff000000-0000-4000-8000-000000000054', 'cc000000-0000-4000-8000-000000000001', 'ee000000-0000-4000-8000-000000000008',
 TIMESTAMPTZ '2026-09-19 19:10+12',
 'f192a9ce-dce2-4389-8491-1a193ac7699e', '6b5c3642-c026-4e89-81f7-024c40638f9a',
 NULL, NULL, 'scheduled', now(), now()), -- CAN v CMK

('ff000000-0000-4000-8000-000000000055', 'cc000000-0000-4000-8000-000000000001', 'ee000000-0000-4000-8000-000000000008',
 TIMESTAMPTZ '2026-09-20 14:05+12',
 '7e5abf68-8358-4c20-b6a4-f64ef264c13c', 'b5c6e9d7-8f11-4ef2-acc6-2e5a97839532',
 NULL, NULL, 'scheduled', now(), now()), -- NOR v BOP

('ff000000-0000-4000-8000-000000000056', 'cc000000-0000-4000-8000-000000000001', 'ee000000-0000-4000-8000-000000000008',
 TIMESTAMPTZ '2026-09-20 19:10+12',
 'e2d6c2bb-eac6-42d6-8727-4d4cbeb3e3d7', '15c76909-f78a-4d89-bc19-7c80265e1e08',
 NULL, NULL, 'scheduled', now(), now()), -- NHB v STL

-- Round 9 (24–28 Sep 2026)
-- Tasman v Bay of Plenty 24 Sep confirmed
('ff000000-0000-4000-8000-000000000057', 'cc000000-0000-4000-8000-000000000001', 'ee000000-0000-4000-8000-000000000009',
 TIMESTAMPTZ '2026-09-24 19:10+12',
 '19b3ea1e-0c46-41f3-84ea-490b6b1db30f', 'b5c6e9d7-8f11-4ef2-acc6-2e5a97839532',
 NULL, NULL, 'scheduled', now(), now()), -- TAS v BOP

('ff000000-0000-4000-8000-000000000058', 'cc000000-0000-4000-8000-000000000001', 'ee000000-0000-4000-8000-000000000009',
 TIMESTAMPTZ '2026-09-25 19:10+12',
 '013952a5-87e1-4d26-a312-09b2aff54241', '7b6cdb33-3bc6-4b0c-bac2-82d2a6bc6a97',
 NULL, NULL, 'scheduled', now(), now()), -- AUK v WAI

('ff000000-0000-4000-8000-000000000059', 'cc000000-0000-4000-8000-000000000001', 'ee000000-0000-4000-8000-000000000009',
 TIMESTAMPTZ '2026-09-26 14:05+12',
 'dedb2044-1d2f-4dc7-84c6-509ec69c82e1', 'f192a9ce-dce2-4389-8491-1a193ac7699e',
 NULL, NULL, 'scheduled', now(), now()), -- HKB v CAN

('ff000000-0000-4000-8000-000000000060', 'cc000000-0000-4000-8000-000000000001', 'ee000000-0000-4000-8000-000000000009',
 TIMESTAMPTZ '2026-09-26 19:10+12',
 '636f1f87-bc47-4e63-a3de-bf7cb8eb0c22', 'ab4c78b1-5dc6-4a14-8f15-d1f144b81d96',
 NULL, NULL, 'scheduled', now(), now()), -- MAN v WEL

('ff000000-0000-4000-8000-000000000061', 'cc000000-0000-4000-8000-000000000001', 'ee000000-0000-4000-8000-000000000009',
 TIMESTAMPTZ '2026-09-27 14:05+12',
 'a5d930c3-13aa-4a85-b5c9-8f40c2c61c8a', '6b5c3642-c026-4e89-81f7-024c40638f9a',
 NULL, NULL, 'scheduled', now(), now()), -- OTA v CMK

('ff000000-0000-4000-8000-000000000062', 'cc000000-0000-4000-8000-000000000001', 'ee000000-0000-4000-8000-000000000009',
 TIMESTAMPTZ '2026-09-27 19:10+12',
 'bfe6ec41-e3f0-4f8f-90d2-d7bca66e1a1f', 'e2d6c2bb-eac6-42d6-8727-4d4cbeb3e3d7',
 NULL, NULL, 'scheduled', now(), now()), -- TAR v NHB

('ff000000-0000-4000-8000-000000000063', 'cc000000-0000-4000-8000-000000000001', 'ee000000-0000-4000-8000-000000000009',
 TIMESTAMPTZ '2026-09-28 14:05+12',
 '15c76909-f78a-4d89-bc19-7c80265e1e08', '7e5abf68-8358-4c20-b6a4-f64ef264c13c',
 NULL, NULL, 'scheduled', now(), now()), -- STL v NOR

-- Round 10 (1–4 Oct 2026)
-- Waikato v Tasman 3 Oct confirmed (FMG Stadium)
('ff000000-0000-4000-8000-000000000064', 'cc000000-0000-4000-8000-000000000001', 'ee000000-0000-4000-8000-000000000010',
 TIMESTAMPTZ '2026-10-01 19:10+12',
 'ab4c78b1-5dc6-4a14-8f15-d1f144b81d96', 'dedb2044-1d2f-4dc7-84c6-509ec69c82e1',
 NULL, NULL, 'scheduled', now(), now()), -- WEL v HKB

('ff000000-0000-4000-8000-000000000065', 'cc000000-0000-4000-8000-000000000001', 'ee000000-0000-4000-8000-000000000010',
 TIMESTAMPTZ '2026-10-02 19:10+12',
 '013952a5-87e1-4d26-a312-09b2aff54241', 'a5d930c3-13aa-4a85-b5c9-8f40c2c61c8a',
 NULL, NULL, 'scheduled', now(), now()), -- AUK v OTA

('ff000000-0000-4000-8000-000000000066', 'cc000000-0000-4000-8000-000000000001', 'ee000000-0000-4000-8000-000000000010',
 TIMESTAMPTZ '2026-10-03 14:05+12',
 'b5c6e9d7-8f11-4ef2-acc6-2e5a97839532', 'bfe6ec41-e3f0-4f8f-90d2-d7bca66e1a1f',
 NULL, NULL, 'scheduled', now(), now()), -- BOP v TAR

('ff000000-0000-4000-8000-000000000067', 'cc000000-0000-4000-8000-000000000001', 'ee000000-0000-4000-8000-000000000010',
 TIMESTAMPTZ '2026-10-03 19:10+12',
 '7b6cdb33-3bc6-4b0c-bac2-82d2a6bc6a97', '19b3ea1e-0c46-41f3-84ea-490b6b1db30f',
 NULL, NULL, 'scheduled', now(), now()), -- WAI v TAS

('ff000000-0000-4000-8000-000000000068', 'cc000000-0000-4000-8000-000000000001', 'ee000000-0000-4000-8000-000000000010',
 TIMESTAMPTZ '2026-10-03 19:10+12',
 'f192a9ce-dce2-4389-8491-1a193ac7699e', 'e2d6c2bb-eac6-42d6-8727-4d4cbeb3e3d7',
 NULL, NULL, 'scheduled', now(), now()), -- CAN v NHB

('ff000000-0000-4000-8000-000000000069', 'cc000000-0000-4000-8000-000000000001', 'ee000000-0000-4000-8000-000000000010',
 TIMESTAMPTZ '2026-10-04 14:05+12',
 '636f1f87-bc47-4e63-a3de-bf7cb8eb0c22', '7e5abf68-8358-4c20-b6a4-f64ef264c13c',
 NULL, NULL, 'scheduled', now(), now()), -- MAN v NOR

('ff000000-0000-4000-8000-000000000070', 'cc000000-0000-4000-8000-000000000001', 'ee000000-0000-4000-8000-000000000010',
 TIMESTAMPTZ '2026-10-04 19:10+12',
 '6b5c3642-c026-4e89-81f7-024c40638f9a', '15c76909-f78a-4d89-bc19-7c80265e1e08',
 NULL, NULL, 'scheduled', now(), now()), -- CMK v STL

-- Quarterfinals (10–11 Oct 2026) — TBD matchups, placeholders only
-- 4 QF games: 1v8, 2v7, 3v6, 4v5 (seedings unknown until end of regular season)
-- Using NULL for home/away teams — update once regular season is complete

-- Semifinals (17–18 Oct 2026) — TBD
-- Grand Final (24–25 Oct 2026) — TBD

-- NOTE: Quarterfinal, Semifinal, and Final stages are included in the stages table above
-- but no game rows are inserted for them as matchups are unknown until the regular season ends.
-- Insert those games manually once the top 8 are confirmed after Round 10.