-- Super Rugby Pacific 2026 Competition
INSERT INTO competitions (id, name, created_at, updated_at)
VALUES (
    'a1b2c3d4-e5f6-4a7b-8c9d-0e1f2a3b4c5d',
    'Super Rugby Pacific',
    now(),
    now()
);

-- 2026 Season (13 Feb 2026 – 30 May 2026 regular season)
INSERT INTO seasons (id, competition_id, start_date, end_date, created_at, updated_at)
VALUES (
    'b2c3d4e5-f6a7-4b8c-9d0e-1f2a3b4c5d6e',
    'a1b2c3d4-e5f6-4a7b-8c9d-0e1f2a3b4c5d',
    TIMESTAMPTZ '2026-02-13 19:05+13',
    TIMESTAMPTZ '2026-05-30 14:35+12',
    now(),
    now()
);

-- Teams
INSERT INTO teams (id, name, abbreviation, location, created_at, updated_at)
VALUES
('11111111-0000-4000-8000-000000000001', 'Blues',           'BLU', 'Auckland',       now(), now()),
('11111111-0000-4000-8000-000000000002', 'Chiefs',          'CHI', 'Hamilton',        now(), now()),
('11111111-0000-4000-8000-000000000003', 'Hurricanes',      'HUR', 'Wellington',      now(), now()),
('11111111-0000-4000-8000-000000000004', 'Crusaders',       'CRU', 'Christchurch',    now(), now()),
('11111111-0000-4000-8000-000000000005', 'Highlanders',     'HIG', 'Dunedin',         now(), now()),
('11111111-0000-4000-8000-000000000006', 'ACT Brumbies',    'BRU', 'Canberra',        now(), now()),
('11111111-0000-4000-8000-000000000007', 'Queensland Reds', 'RED', 'Brisbane',        now(), now()),
('11111111-0000-4000-8000-000000000008', 'NSW Waratahs',    'WAR', 'Sydney',          now(), now()),
('11111111-0000-4000-8000-000000000009', 'Western Force',   'FOR', 'Perth',           now(), now()),
('11111111-0000-4000-8000-000000000010', 'Fijian Drua',     'DRU', 'Fiji',            now(), now()),
('11111111-0000-4000-8000-000000000011', 'Moana Pasifika',  'MOA', 'Pacific Islands', now(), now());

-- Connect teams to 2026 season
INSERT INTO season_teams (id, season_id, team_id, created_at, updated_at, deleted_at)
VALUES
('22222222-0000-4000-8000-000000000001', 'b2c3d4e5-f6a7-4b8c-9d0e-1f2a3b4c5d6e', '11111111-0000-4000-8000-000000000001', now(), now(), NULL),
('22222222-0000-4000-8000-000000000002', 'b2c3d4e5-f6a7-4b8c-9d0e-1f2a3b4c5d6e', '11111111-0000-4000-8000-000000000002', now(), now(), NULL),
('22222222-0000-4000-8000-000000000003', 'b2c3d4e5-f6a7-4b8c-9d0e-1f2a3b4c5d6e', '11111111-0000-4000-8000-000000000003', now(), now(), NULL),
('22222222-0000-4000-8000-000000000004', 'b2c3d4e5-f6a7-4b8c-9d0e-1f2a3b4c5d6e', '11111111-0000-4000-8000-000000000004', now(), now(), NULL),
('22222222-0000-4000-8000-000000000005', 'b2c3d4e5-f6a7-4b8c-9d0e-1f2a3b4c5d6e', '11111111-0000-4000-8000-000000000005', now(), now(), NULL),
('22222222-0000-4000-8000-000000000006', 'b2c3d4e5-f6a7-4b8c-9d0e-1f2a3b4c5d6e', '11111111-0000-4000-8000-000000000006', now(), now(), NULL),
('22222222-0000-4000-8000-000000000007', 'b2c3d4e5-f6a7-4b8c-9d0e-1f2a3b4c5d6e', '11111111-0000-4000-8000-000000000007', now(), now(), NULL),
('22222222-0000-4000-8000-000000000008', 'b2c3d4e5-f6a7-4b8c-9d0e-1f2a3b4c5d6e', '11111111-0000-4000-8000-000000000008', now(), now(), NULL),
('22222222-0000-4000-8000-000000000009', 'b2c3d4e5-f6a7-4b8c-9d0e-1f2a3b4c5d6e', '11111111-0000-4000-8000-000000000009', now(), now(), NULL),
('22222222-0000-4000-8000-000000000010', 'b2c3d4e5-f6a7-4b8c-9d0e-1f2a3b4c5d6e', '11111111-0000-4000-8000-000000000010', now(), now(), NULL),
('22222222-0000-4000-8000-000000000011', 'b2c3d4e5-f6a7-4b8c-9d0e-1f2a3b4c5d6e', '11111111-0000-4000-8000-000000000011', now(), now(), NULL);

-- Stages: 16 regular rounds + Qualifying Finals + Semi Finals + Grand Final
INSERT INTO stages (id, season_id, name, stage_type, order_index, created_at, updated_at)
VALUES
('33333333-0000-4000-8000-000000000001', 'b2c3d4e5-f6a7-4b8c-9d0e-1f2a3b4c5d6e', 'Round 1',           'regular', 1,  now(), now()),
('33333333-0000-4000-8000-000000000002', 'b2c3d4e5-f6a7-4b8c-9d0e-1f2a3b4c5d6e', 'Round 2',           'regular', 2,  now(), now()),
('33333333-0000-4000-8000-000000000003', 'b2c3d4e5-f6a7-4b8c-9d0e-1f2a3b4c5d6e', 'Round 3',           'regular', 3,  now(), now()),
('33333333-0000-4000-8000-000000000004', 'b2c3d4e5-f6a7-4b8c-9d0e-1f2a3b4c5d6e', 'Round 4',           'regular', 4,  now(), now()),
('33333333-0000-4000-8000-000000000005', 'b2c3d4e5-f6a7-4b8c-9d0e-1f2a3b4c5d6e', 'Round 5',           'regular', 5,  now(), now()),
('33333333-0000-4000-8000-000000000006', 'b2c3d4e5-f6a7-4b8c-9d0e-1f2a3b4c5d6e', 'Round 6',           'regular', 6,  now(), now()),
('33333333-0000-4000-8000-000000000007', 'b2c3d4e5-f6a7-4b8c-9d0e-1f2a3b4c5d6e', 'Round 7',           'regular', 7,  now(), now()),
('33333333-0000-4000-8000-000000000008', 'b2c3d4e5-f6a7-4b8c-9d0e-1f2a3b4c5d6e', 'Round 8',           'regular', 8,  now(), now()),
('33333333-0000-4000-8000-000000000009', 'b2c3d4e5-f6a7-4b8c-9d0e-1f2a3b4c5d6e', 'Round 9',           'regular', 9,  now(), now()),
('33333333-0000-4000-8000-000000000010', 'b2c3d4e5-f6a7-4b8c-9d0e-1f2a3b4c5d6e', 'Round 10',          'regular', 10, now(), now()),
('33333333-0000-4000-8000-000000000011', 'b2c3d4e5-f6a7-4b8c-9d0e-1f2a3b4c5d6e', 'Round 11',          'regular', 11, now(), now()),
('33333333-0000-4000-8000-000000000012', 'b2c3d4e5-f6a7-4b8c-9d0e-1f2a3b4c5d6e', 'Round 12',          'regular', 12, now(), now()),
('33333333-0000-4000-8000-000000000013', 'b2c3d4e5-f6a7-4b8c-9d0e-1f2a3b4c5d6e', 'Round 13',          'regular', 13, now(), now()),
('33333333-0000-4000-8000-000000000014', 'b2c3d4e5-f6a7-4b8c-9d0e-1f2a3b4c5d6e', 'Round 14',          'regular', 14, now(), now()),
('33333333-0000-4000-8000-000000000015', 'b2c3d4e5-f6a7-4b8c-9d0e-1f2a3b4c5d6e', 'Round 15',          'regular', 15, now(), now()),
('33333333-0000-4000-8000-000000000016', 'b2c3d4e5-f6a7-4b8c-9d0e-1f2a3b4c5d6e', 'Round 16',          'regular', 16, now(), now()),
('33333333-0000-4000-8000-000000000017', 'b2c3d4e5-f6a7-4b8c-9d0e-1f2a3b4c5d6e', 'Qualifying Finals', 'finals',  17, now(), now()),
('33333333-0000-4000-8000-000000000018', 'b2c3d4e5-f6a7-4b8c-9d0e-1f2a3b4c5d6e', 'Semi Finals',       'finals',  18, now(), now()),
('33333333-0000-4000-8000-000000000019', 'b2c3d4e5-f6a7-4b8c-9d0e-1f2a3b4c5d6e', 'Grand Final',       'finals',  19, now(), now());

-- Games
-- Aliases used below:
-- BLU=Blues, CHI=Chiefs, HUR=Hurricanes, CRU=Crusaders, HIG=Highlanders
-- BRU=Brumbies, RED=Reds, WAR=Waratahs, FOR=Force, DRU=Drua, MOA=Moana Pasifika

INSERT INTO games (
    id, season_id, stage_id, date,
    home_team_id, away_team_id,
    home_score, away_score,
    status, created_at, updated_at
)
VALUES

-- Round 1 (13–14 Feb 2026)
('44444444-0000-4000-8000-000000000001', 'b2c3d4e5-f6a7-4b8c-9d0e-1f2a3b4c5d6e', '33333333-0000-4000-8000-000000000001', TIMESTAMPTZ '2026-02-13 19:05+13',
 '11111111-0000-4000-8000-000000000005', '11111111-0000-4000-8000-000000000004', 17, 16, 'finished', now(), now()), -- HIG v CRU

('44444444-0000-4000-8000-000000000002', 'b2c3d4e5-f6a7-4b8c-9d0e-1f2a3b4c5d6e', '33333333-0000-4000-8000-000000000001', TIMESTAMPTZ '2026-02-13 19:35+11',
 '11111111-0000-4000-8000-000000000008', '11111111-0000-4000-8000-000000000007', 25, 24, 'finished', now(), now()), -- WAR v RED

('44444444-0000-4000-8000-000000000003', 'b2c3d4e5-f6a7-4b8c-9d0e-1f2a3b4c5d6e', '33333333-0000-4000-8000-000000000001', TIMESTAMPTZ '2026-02-14 15:35+11',
 '11111111-0000-4000-8000-000000000006', '11111111-0000-4000-8000-000000000009', 40, 15, 'finished', now(), now()), -- BRU v FOR

('44444444-0000-4000-8000-000000000004', 'b2c3d4e5-f6a7-4b8c-9d0e-1f2a3b4c5d6e', '33333333-0000-4000-8000-000000000001', TIMESTAMPTZ '2026-02-14 19:05+13',
 '11111111-0000-4000-8000-000000000002', '11111111-0000-4000-8000-000000000003', 35, 27, 'finished', now(), now()), -- CHI v HUR

('44444444-0000-4000-8000-000000000005', 'b2c3d4e5-f6a7-4b8c-9d0e-1f2a3b4c5d6e', '33333333-0000-4000-8000-000000000001', TIMESTAMPTZ '2026-02-14 19:35+13',
 '11111111-0000-4000-8000-000000000001', '11111111-0000-4000-8000-000000000010', 38, 17, 'finished', now(), now()), -- BLU v DRU

-- Round 2 (20–22 Feb 2026)
('44444444-0000-4000-8000-000000000006', 'b2c3d4e5-f6a7-4b8c-9d0e-1f2a3b4c5d6e', '33333333-0000-4000-8000-000000000002', TIMESTAMPTZ '2026-02-20 19:05+13',
 '11111111-0000-4000-8000-000000000003', '11111111-0000-4000-8000-000000000006', 36, 24, 'finished', now(), now()), -- HUR v BRU

('44444444-0000-4000-8000-000000000007', 'b2c3d4e5-f6a7-4b8c-9d0e-1f2a3b4c5d6e', '33333333-0000-4000-8000-000000000002', TIMESTAMPTZ '2026-02-20 19:35+11',
 '11111111-0000-4000-8000-000000000010', '11111111-0000-4000-8000-000000000008', 33, 19, 'finished', now(), now()), -- DRU v WAR

('44444444-0000-4000-8000-000000000008', 'b2c3d4e5-f6a7-4b8c-9d0e-1f2a3b4c5d6e', '33333333-0000-4000-8000-000000000002', TIMESTAMPTZ '2026-02-21 19:05+13',
 '11111111-0000-4000-8000-000000000002', '11111111-0000-4000-8000-000000000005', 44, 10, 'finished', now(), now()), -- CHI v HIG

('44444444-0000-4000-8000-000000000009', 'b2c3d4e5-f6a7-4b8c-9d0e-1f2a3b4c5d6e', '33333333-0000-4000-8000-000000000002', TIMESTAMPTZ '2026-02-21 16:35+8',
 '11111111-0000-4000-8000-000000000009', '11111111-0000-4000-8000-000000000001', 21, 27, 'finished', now(), now()), -- FOR v BLU

('44444444-0000-4000-8000-000000000010', 'b2c3d4e5-f6a7-4b8c-9d0e-1f2a3b4c5d6e', '33333333-0000-4000-8000-000000000002', TIMESTAMPTZ '2026-02-22 15:35+11',
 '11111111-0000-4000-8000-000000000007', '11111111-0000-4000-8000-000000000004', 13, 24, 'finished', now(), now()), -- RED v CRU

-- Round 3 (27–28 Feb 2026)
('44444444-0000-4000-8000-000000000011', 'b2c3d4e5-f6a7-4b8c-9d0e-1f2a3b4c5d6e', '33333333-0000-4000-8000-000000000003', TIMESTAMPTZ '2026-02-27 19:05+13',
 '11111111-0000-4000-8000-000000000005', '11111111-0000-4000-8000-000000000011', 35, 17, 'finished', now(), now()), -- HIG v MOA

('44444444-0000-4000-8000-000000000012', 'b2c3d4e5-f6a7-4b8c-9d0e-1f2a3b4c5d6e', '33333333-0000-4000-8000-000000000003', TIMESTAMPTZ '2026-02-27 18:35+13',
 '11111111-0000-4000-8000-000000000011', '11111111-0000-4000-8000-000000000009', 24, 22, 'finished', now(), now()), -- MOA v FOR

('44444444-0000-4000-8000-000000000013', 'b2c3d4e5-f6a7-4b8c-9d0e-1f2a3b4c5d6e', '33333333-0000-4000-8000-000000000003', TIMESTAMPTZ '2026-02-28 15:35+11',
 '11111111-0000-4000-8000-000000000007', '11111111-0000-4000-8000-000000000006', 37, 27, 'finished', now(), now()), -- RED v BRU

('44444444-0000-4000-8000-000000000014', 'b2c3d4e5-f6a7-4b8c-9d0e-1f2a3b4c5d6e', '33333333-0000-4000-8000-000000000003', TIMESTAMPTZ '2026-02-28 19:05+13',
 '11111111-0000-4000-8000-000000000002', '11111111-0000-4000-8000-000000000004', 22, 28, 'finished', now(), now()), -- CHI v CRU

('44444444-0000-4000-8000-000000000015', 'b2c3d4e5-f6a7-4b8c-9d0e-1f2a3b4c5d6e', '33333333-0000-4000-8000-000000000003', TIMESTAMPTZ '2026-02-28 19:35+13',
 '11111111-0000-4000-8000-000000000001', '11111111-0000-4000-8000-000000000003', 29, 17, 'finished', now(), now()), -- BLU v HUR

-- Round 4 (6–7 Mar 2026)
('44444444-0000-4000-8000-000000000016', 'b2c3d4e5-f6a7-4b8c-9d0e-1f2a3b4c5d6e', '33333333-0000-4000-8000-000000000004', TIMESTAMPTZ '2026-03-06 19:05+11',
 '11111111-0000-4000-8000-000000000008', '11111111-0000-4000-8000-000000000003', 19, 59, 'finished', now(), now()), -- WAR v HUR

('44444444-0000-4000-8000-000000000017', 'b2c3d4e5-f6a7-4b8c-9d0e-1f2a3b4c5d6e', '33333333-0000-4000-8000-000000000004', TIMESTAMPTZ '2026-03-06 19:35+13',
 '11111111-0000-4000-8000-000000000002', '11111111-0000-4000-8000-000000000011', 57, 24, 'finished', now(), now()), -- CHI v MOA

('44444444-0000-4000-8000-000000000018', 'b2c3d4e5-f6a7-4b8c-9d0e-1f2a3b4c5d6e', '33333333-0000-4000-8000-000000000004', TIMESTAMPTZ '2026-03-07 16:35+11',
 '11111111-0000-4000-8000-000000000006', '11111111-0000-4000-8000-000000000007', 31, 34, 'finished', now(), now()), -- BRU v RED

('44444444-0000-4000-8000-000000000019', 'b2c3d4e5-f6a7-4b8c-9d0e-1f2a3b4c5d6e', '33333333-0000-4000-8000-000000000004', TIMESTAMPTZ '2026-03-07 19:05+13',
 '11111111-0000-4000-8000-000000000001', '11111111-0000-4000-8000-000000000004', 29, 13, 'finished', now(), now()), -- BLU v CRU

-- Round 5 (13–15 Mar 2026)
('44444444-0000-4000-8000-000000000020', 'b2c3d4e5-f6a7-4b8c-9d0e-1f2a3b4c5d6e', '33333333-0000-4000-8000-000000000005', TIMESTAMPTZ '2026-03-13 19:05+13',
 '11111111-0000-4000-8000-000000000003', '11111111-0000-4000-8000-000000000009', 31, 23, 'finished', now(), now()), -- HUR v FOR

('44444444-0000-4000-8000-000000000021', 'b2c3d4e5-f6a7-4b8c-9d0e-1f2a3b4c5d6e', '33333333-0000-4000-8000-000000000005', TIMESTAMPTZ '2026-03-14 19:05+13',
 '11111111-0000-4000-8000-000000000004', '11111111-0000-4000-8000-000000000005', 29, 18, 'finished', now(), now()), -- CRU v HIG

('44444444-0000-4000-8000-000000000022', 'b2c3d4e5-f6a7-4b8c-9d0e-1f2a3b4c5d6e', '33333333-0000-4000-8000-000000000005', TIMESTAMPTZ '2026-03-14 19:05+10',
 '11111111-0000-4000-8000-000000000010', '11111111-0000-4000-8000-000000000006', 42, 27, 'finished', now(), now()), -- DRU v BRU

('44444444-0000-4000-8000-000000000023', 'b2c3d4e5-f6a7-4b8c-9d0e-1f2a3b4c5d6e', '33333333-0000-4000-8000-000000000005', TIMESTAMPTZ '2026-03-14 19:05+11',
 '11111111-0000-4000-8000-000000000007', '11111111-0000-4000-8000-000000000008', 26, 17, 'finished', now(), now()), -- RED v WAR

('44444444-0000-4000-8000-000000000024', 'b2c3d4e5-f6a7-4b8c-9d0e-1f2a3b4c5d6e', '33333333-0000-4000-8000-000000000005', TIMESTAMPTZ '2026-03-15 19:05+13',
 '11111111-0000-4000-8000-000000000001', '11111111-0000-4000-8000-000000000011', 43, 7,  'finished', now(), now()), -- BLU v MOA

-- Round 6 (20–21 Mar 2026)
('44444444-0000-4000-8000-000000000025', 'b2c3d4e5-f6a7-4b8c-9d0e-1f2a3b4c5d6e', '33333333-0000-4000-8000-000000000006', TIMESTAMPTZ '2026-03-20 19:05+13',
 '11111111-0000-4000-8000-000000000002', '11111111-0000-4000-8000-000000000001', 42, 24, 'finished', now(), now()), -- CHI v BLU

('44444444-0000-4000-8000-000000000026', 'b2c3d4e5-f6a7-4b8c-9d0e-1f2a3b4c5d6e', '33333333-0000-4000-8000-000000000006', TIMESTAMPTZ '2026-03-21 19:05+13',
 '11111111-0000-4000-8000-000000000003', '11111111-0000-4000-8000-000000000004', 20, 22, 'finished', now(), now()), -- HUR v CRU

('44444444-0000-4000-8000-000000000027', 'b2c3d4e5-f6a7-4b8c-9d0e-1f2a3b4c5d6e', '33333333-0000-4000-8000-000000000006', TIMESTAMPTZ '2026-03-21 19:05+11',
 '11111111-0000-4000-8000-000000000008', '11111111-0000-4000-8000-000000000010', 27, 36, 'finished', now(), now()), -- WAR v DRU

-- Round 7 (27–28 Mar 2026)
('44444444-0000-4000-8000-000000000028', 'b2c3d4e5-f6a7-4b8c-9d0e-1f2a3b4c5d6e', '33333333-0000-4000-8000-000000000007', TIMESTAMPTZ '2026-03-27 19:05+13',
 '11111111-0000-4000-8000-000000000005', '11111111-0000-4000-8000-000000000002', 17, 38, 'finished', now(), now()), -- HIG v CHI

('44444444-0000-4000-8000-000000000029', 'b2c3d4e5-f6a7-4b8c-9d0e-1f2a3b4c5d6e', '33333333-0000-4000-8000-000000000007', TIMESTAMPTZ '2026-03-28 16:35+8',
 '11111111-0000-4000-8000-000000000009', '11111111-0000-4000-8000-000000000002', 14, 24, 'finished', now(), now()), -- FOR v CHI

('44444444-0000-4000-8000-000000000030', 'b2c3d4e5-f6a7-4b8c-9d0e-1f2a3b4c5d6e', '33333333-0000-4000-8000-000000000007', TIMESTAMPTZ '2026-03-28 19:05+13',
 '11111111-0000-4000-8000-000000000001', '11111111-0000-4000-8000-000000000010', 40, 15, 'finished', now(), now()), -- BLU v DRU

('44444444-0000-4000-8000-000000000031', 'b2c3d4e5-f6a7-4b8c-9d0e-1f2a3b4c5d6e', '33333333-0000-4000-8000-000000000007', TIMESTAMPTZ '2026-03-28 19:05+13',
 '11111111-0000-4000-8000-000000000003', '11111111-0000-4000-8000-000000000007', 45, 28, 'finished', now(), now()), -- HUR v RED

-- Round 8 (3–4 Apr 2026)
('44444444-0000-4000-8000-000000000032', 'b2c3d4e5-f6a7-4b8c-9d0e-1f2a3b4c5d6e', '33333333-0000-4000-8000-000000000008', TIMESTAMPTZ '2026-04-03 19:05+13',
 '11111111-0000-4000-8000-000000000004', '11111111-0000-4000-8000-000000000010', 69, 26, 'finished', now(), now()), -- CRU v DRU

('44444444-0000-4000-8000-000000000033', 'b2c3d4e5-f6a7-4b8c-9d0e-1f2a3b4c5d6e', '33333333-0000-4000-8000-000000000008', TIMESTAMPTZ '2026-04-04 19:05+13',
 '11111111-0000-4000-8000-000000000002', '11111111-0000-4000-8000-000000000008', 42, 14, 'finished', now(), now()), -- CHI v WAR

('44444444-0000-4000-8000-000000000034', 'b2c3d4e5-f6a7-4b8c-9d0e-1f2a3b4c5d6e', '33333333-0000-4000-8000-000000000008', TIMESTAMPTZ '2026-04-04 19:05+11',
 '11111111-0000-4000-8000-000000000007', '11111111-0000-4000-8000-000000000009', 19, 42, 'finished', now(), now()), -- RED v FOR

-- Round 9 (10–11 Apr 2026)
('44444444-0000-4000-8000-000000000035', 'b2c3d4e5-f6a7-4b8c-9d0e-1f2a3b4c5d6e', '33333333-0000-4000-8000-000000000009', TIMESTAMPTZ '2026-04-10 19:05+12',
 '11111111-0000-4000-8000-000000000005', '11111111-0000-4000-8000-000000000006', 10, 14, 'finished', now(), now()), -- HIG v BRU

('44444444-0000-4000-8000-000000000036', 'b2c3d4e5-f6a7-4b8c-9d0e-1f2a3b4c5d6e', '33333333-0000-4000-8000-000000000009', TIMESTAMPTZ '2026-04-11 15:05+12',
 '11111111-0000-4000-8000-000000000007', '11111111-0000-4000-8000-000000000004', 31, 26, 'finished', now(), now()), -- RED v CRU

('44444444-0000-4000-8000-000000000037', 'b2c3d4e5-f6a7-4b8c-9d0e-1f2a3b4c5d6e', '33333333-0000-4000-8000-000000000009', TIMESTAMPTZ '2026-04-11 19:05+12',
 '11111111-0000-4000-8000-000000000003', '11111111-0000-4000-8000-000000000001', 42, 19, 'finished', now(), now()), -- HUR v BLU

('44444444-0000-4000-8000-000000000038', 'b2c3d4e5-f6a7-4b8c-9d0e-1f2a3b4c5d6e', '33333333-0000-4000-8000-000000000009', TIMESTAMPTZ '2026-04-11 19:05+12',
 '11111111-0000-4000-8000-000000000011', '11111111-0000-4000-8000-000000000002', 17, 62, 'finished', now(), now()), -- MOA v CHI

('44444444-0000-4000-8000-000000000039', 'b2c3d4e5-f6a7-4b8c-9d0e-1f2a3b4c5d6e', '33333333-0000-4000-8000-000000000009', TIMESTAMPTZ '2026-04-11 19:05+10',
 '11111111-0000-4000-8000-000000000010', '11111111-0000-4000-8000-000000000009', 24, 22, 'finished', now(), now()), -- DRU v FOR

-- Round 10 (17–18 Apr 2026) — results available for Fri 17, fixtures for Sat 18
('44444444-0000-4000-8000-000000000040', 'b2c3d4e5-f6a7-4b8c-9d0e-1f2a3b4c5d6e', '33333333-0000-4000-8000-000000000010', TIMESTAMPTZ '2026-04-17 19:05+12',
 '11111111-0000-4000-8000-000000000001', '11111111-0000-4000-8000-000000000005', 47, 40, 'finished', now(), now()), -- BLU v HIG

('44444444-0000-4000-8000-000000000041', 'b2c3d4e5-f6a7-4b8c-9d0e-1f2a3b4c5d6e', '33333333-0000-4000-8000-000000000010', TIMESTAMPTZ '2026-04-17 19:35+11',
 '11111111-0000-4000-8000-000000000008', '11111111-0000-4000-8000-000000000011', 29, 14, 'finished', now(), now()), -- WAR v MOA

('44444444-0000-4000-8000-000000000042', 'b2c3d4e5-f6a7-4b8c-9d0e-1f2a3b4c5d6e', '33333333-0000-4000-8000-000000000010', TIMESTAMPTZ '2026-04-18 19:05+12',
 '11111111-0000-4000-8000-000000000002', '11111111-0000-4000-8000-000000000003', NULL, NULL, 'scheduled', now(), now()), -- CHI v HUR

('44444444-0000-4000-8000-000000000043', 'b2c3d4e5-f6a7-4b8c-9d0e-1f2a3b4c5d6e', '33333333-0000-4000-8000-000000000010', TIMESTAMPTZ '2026-04-18 19:35+10',
 '11111111-0000-4000-8000-000000000006', '11111111-0000-4000-8000-000000000010', NULL, NULL, 'scheduled', now(), now()), -- BRU v DRU

('44444444-0000-4000-8000-000000000044', 'b2c3d4e5-f6a7-4b8c-9d0e-1f2a3b4c5d6e', '33333333-0000-4000-8000-000000000010', TIMESTAMPTZ '2026-04-18 19:55+8',
 '11111111-0000-4000-8000-000000000009', '11111111-0000-4000-8000-000000000004', NULL, NULL, 'scheduled', now(), now()), -- FOR v CRU

-- Round 11 (24–26 Apr 2026) — ANZAC / Super Round at Te Kaha, Christchurch
('44444444-0000-4000-8000-000000000045', 'b2c3d4e5-f6a7-4b8c-9d0e-1f2a3b4c5d6e', '33333333-0000-4000-8000-000000000011', TIMESTAMPTZ '2026-04-24 19:35+12',
 '11111111-0000-4000-8000-000000000004', '11111111-0000-4000-8000-000000000008', NULL, NULL, 'scheduled', now(), now()), -- CRU v WAR

('44444444-0000-4000-8000-000000000046', 'b2c3d4e5-f6a7-4b8c-9d0e-1f2a3b4c5d6e', '33333333-0000-4000-8000-000000000011', TIMESTAMPTZ '2026-04-25 17:05+12',
 '11111111-0000-4000-8000-000000000003', '11111111-0000-4000-8000-000000000006', NULL, NULL, 'scheduled', now(), now()), -- HUR v BRU

('44444444-0000-4000-8000-000000000047', 'b2c3d4e5-f6a7-4b8c-9d0e-1f2a3b4c5d6e', '33333333-0000-4000-8000-000000000011', TIMESTAMPTZ '2026-04-25 19:35+12',
 '11111111-0000-4000-8000-000000000001', '11111111-0000-4000-8000-000000000007', NULL, NULL, 'scheduled', now(), now()), -- BLU v RED

('44444444-0000-4000-8000-000000000048', 'b2c3d4e5-f6a7-4b8c-9d0e-1f2a3b4c5d6e', '33333333-0000-4000-8000-000000000011', TIMESTAMPTZ '2026-04-26 14:00+12',
 '11111111-0000-4000-8000-000000000005', '11111111-0000-4000-8000-000000000011', NULL, NULL, 'scheduled', now(), now()), -- HIG v MOA

('44444444-0000-4000-8000-000000000049', 'b2c3d4e5-f6a7-4b8c-9d0e-1f2a3b4c5d6e', '33333333-0000-4000-8000-000000000011', TIMESTAMPTZ '2026-04-26 16:30+12',
 '11111111-0000-4000-8000-000000000002', '11111111-0000-4000-8000-000000000010', NULL, NULL, 'scheduled', now(), now()), -- CHI v DRU

-- Round 12 (1–2 May 2026)
('44444444-0000-4000-8000-000000000050', 'b2c3d4e5-f6a7-4b8c-9d0e-1f2a3b4c5d6e', '33333333-0000-4000-8000-000000000012', TIMESTAMPTZ '2026-05-01 19:05+12',
 '11111111-0000-4000-8000-000000000003', '11111111-0000-4000-8000-000000000002', NULL, NULL, 'scheduled', now(), now()), -- HUR v CHI

('44444444-0000-4000-8000-000000000051', 'b2c3d4e5-f6a7-4b8c-9d0e-1f2a3b4c5d6e', '33333333-0000-4000-8000-000000000012', TIMESTAMPTZ '2026-05-02 16:35+10',
 '11111111-0000-4000-8000-000000000010', '11111111-0000-4000-8000-000000000005', NULL, NULL, 'scheduled', now(), now()), -- DRU v HIG

('44444444-0000-4000-8000-000000000052', 'b2c3d4e5-f6a7-4b8c-9d0e-1f2a3b4c5d6e', '33333333-0000-4000-8000-000000000012', TIMESTAMPTZ '2026-05-02 19:05+10',
 '11111111-0000-4000-8000-000000000009', '11111111-0000-4000-8000-000000000007', NULL, NULL, 'scheduled', now(), now()), -- FOR v RED

-- Round 13 (8–9 May 2026)
('44444444-0000-4000-8000-000000000053', 'b2c3d4e5-f6a7-4b8c-9d0e-1f2a3b4c5d6e', '33333333-0000-4000-8000-000000000013', TIMESTAMPTZ '2026-05-08 19:05+12',
 '11111111-0000-4000-8000-000000000001', '11111111-0000-4000-8000-000000000006', NULL, NULL, 'scheduled', now(), now()), -- BLU v BRU

('44444444-0000-4000-8000-000000000054', 'b2c3d4e5-f6a7-4b8c-9d0e-1f2a3b4c5d6e', '33333333-0000-4000-8000-000000000013', TIMESTAMPTZ '2026-05-09 16:35+10',
 '11111111-0000-4000-8000-000000000007', '11111111-0000-4000-8000-000000000011', NULL, NULL, 'scheduled', now(), now()), -- RED v MOA

('44444444-0000-4000-8000-000000000055', 'b2c3d4e5-f6a7-4b8c-9d0e-1f2a3b4c5d6e', '33333333-0000-4000-8000-000000000013', TIMESTAMPTZ '2026-05-09 19:05+12',
 '11111111-0000-4000-8000-000000000004', '11111111-0000-4000-8000-000000000002', NULL, NULL, 'scheduled', now(), now()), -- CRU v CHI

-- Round 14 (15–16 May 2026)
('44444444-0000-4000-8000-000000000056', 'b2c3d4e5-f6a7-4b8c-9d0e-1f2a3b4c5d6e', '33333333-0000-4000-8000-000000000014', TIMESTAMPTZ '2026-05-15 19:05+12',
 '11111111-0000-4000-8000-000000000005', '11111111-0000-4000-8000-000000000003', NULL, NULL, 'scheduled', now(), now()), -- HIG v HUR

('44444444-0000-4000-8000-000000000057', 'b2c3d4e5-f6a7-4b8c-9d0e-1f2a3b4c5d6e', '33333333-0000-4000-8000-000000000014', TIMESTAMPTZ '2026-05-16 19:05+10',
 '11111111-0000-4000-8000-000000000010', '11111111-0000-4000-8000-000000000003', NULL, NULL, 'scheduled', now(), now()), -- DRU v HUR

-- Round 15 (22–23 May 2026)
('44444444-0000-4000-8000-000000000058', 'b2c3d4e5-f6a7-4b8c-9d0e-1f2a3b4c5d6e', '33333333-0000-4000-8000-000000000015', TIMESTAMPTZ '2026-05-22 19:05+12',
 '11111111-0000-4000-8000-000000000002', '11111111-0000-4000-8000-000000000009', NULL, NULL, 'scheduled', now(), now()), -- CHI v FOR

('44444444-0000-4000-8000-000000000059', 'b2c3d4e5-f6a7-4b8c-9d0e-1f2a3b4c5d6e', '33333333-0000-4000-8000-000000000015', TIMESTAMPTZ '2026-05-23 16:35+11',
 '11111111-0000-4000-8000-000000000006', '11111111-0000-4000-8000-000000000004', NULL, NULL, 'scheduled', now(), now()), -- BRU v CRU

('44444444-0000-4000-8000-000000000060', 'b2c3d4e5-f6a7-4b8c-9d0e-1f2a3b4c5d6e', '33333333-0000-4000-8000-000000000015', TIMESTAMPTZ '2026-05-23 19:05+12',
 '11111111-0000-4000-8000-000000000001', '11111111-0000-4000-8000-000000000008', NULL, NULL, 'scheduled', now(), now()), -- BLU v WAR

-- Round 16 (29–30 May 2026)
('44444444-0000-4000-8000-000000000061', 'b2c3d4e5-f6a7-4b8c-9d0e-1f2a3b4c5d6e', '33333333-0000-4000-8000-000000000016', TIMESTAMPTZ '2026-05-29 19:05+12',
 '11111111-0000-4000-8000-000000000003', '11111111-0000-4000-8000-000000000005', NULL, NULL, 'scheduled', now(), now()), -- HUR v HIG

('44444444-0000-4000-8000-000000000062', 'b2c3d4e5-f6a7-4b8c-9d0e-1f2a3b4c5d6e', '33333333-0000-4000-8000-000000000016', TIMESTAMPTZ '2026-05-30 14:35+12',
 '11111111-0000-4000-8000-000000000004', '11111111-0000-4000-8000-000000000001', NULL, NULL, 'scheduled', now(), now()); -- CRU v BLU